s,k,res,s2,acc
64,5,0.6,3,0.305344
64,5,0.6,5,0.305344
64,5,0.6,8,0.305344
64,5,0.6,16,0.305344
64,5,0.6,24,0.305344
64,5,0.6,32,0.305344
64,5,0.6,48,0.305344
64,5,0.6,64,0.305344
64,5,0.6,96,0.305344
64,5,0.6,128,0.305344
64,5,0.6,192,0.305344
64,5,0.6,256,0.305344
64,5,0.7,3,0.305344
64,5,0.7,5,0.305344
64,5,0.7,8,0.305344
64,5,0.7,16,0.305344
64,5,0.7,24,0.305344
64,5,0.7,32,0.305344
64,5,0.7,48,0.305344
64,5,0.7,64,0.305344
64,5,0.7,96,0.305344
64,5,0.7,128,0.305344
64,5,0.7,192,0.305344
64,5,0.7,256,0.305344
64,5,0.8,3,0.305344
64,5,0.8,5,0.305344
64,5,0.8,8,0.305344
64,5,0.8,16,0.305344
64,5,0.8,24,0.305344
64,5,0.8,32,0.305344
64,5,0.8,48,0.305344
64,5,0.8,64,0.305344
64,5,0.8,96,0.305344
64,5,0.8,128,0.305344
64,5,0.8,192,0.305344
64,5,0.8,256,0.305344
64,5,0.9,3,0.305344
64,5,0.9,5,0.305344
64,5,0.9,8,0.305344
64,5,0.9,16,0.305344
64,5,0.9,24,0.305344
64,5,0.9,32,0.305344
64,5,0.9,48,0.305344
64,5,0.9,64,0.305344
64,5,0.9,96,0.305344
64,5,0.9,128,0.305344
64,5,0.9,192,0.305344
64,5,0.9,256,0.305344
64,5,1.0,3,0.709924
64,5,1.0,5,0.696391
64,5,1.0,8,0.709577
64,5,1.0,16,0.704372
64,5,1.0,24,0.550312
64,5,1.0,32,0.66898
64,5,1.0,48,0.666898
64,5,1.0,64,0.663428
64,5,1.0,96,0.510062
64,5,1.0,128,0.5517
64,5,1.0,192,0.497224
64,5,1.0,256,0.403192
64,5,1.1,3,0.709924
64,5,1.1,5,0.696391
64,5,1.1,8,0.709577
64,5,1.1,16,0.704372
64,5,1.1,24,0.550312
64,5,1.1,32,0.66898
64,5,1.1,48,0.666898
64,5,1.1,64,0.663428
64,5,1.1,96,0.510062
64,5,1.1,128,0.5517
64,5,1.1,192,0.497224
64,5,1.1,256,0.403192
64,5,1.2,3,0.709924
64,5,1.2,5,0.696391
64,5,1.2,8,0.709577
64,5,1.2,16,0.704372
64,5,1.2,24,0.550312
64,5,1.2,32,0.66898
64,5,1.2,48,0.666898
64,5,1.2,64,0.663428
64,5,1.2,96,0.510062
64,5,1.2,128,0.5517
64,5,1.2,192,0.497224
64,5,1.2,256,0.403192
64,5,1.3,3,0.709924
64,5,1.3,5,0.696391
64,5,1.3,8,0.709577
64,5,1.3,16,0.704372
64,5,1.3,24,0.550312
64,5,1.3,32,0.66898
64,5,1.3,48,0.666898
64,5,1.3,64,0.663428
64,5,1.3,96,0.510062
64,5,1.3,128,0.5517
64,5,1.3,192,0.497224
64,5,1.3,256,0.403192
64,5,1.4,3,0.709924
64,5,1.4,5,0.696391
64,5,1.4,8,0.709577
64,5,1.4,16,0.704372
64,5,1.4,24,0.550312
64,5,1.4,32,0.66898
64,5,1.4,48,0.666898
64,5,1.4,64,0.663428
64,5,1.4,96,0.510062
64,5,1.4,128,0.5517
64,5,1.4,192,0.497224
64,5,1.4,256,0.403192
64,5,1.5,3,0.709924
64,5,1.5,5,0.696391
64,5,1.5,8,0.709577
64,5,1.5,16,0.704372
64,5,1.5,24,0.550312
64,5,1.5,32,0.66898
64,5,1.5,48,0.666898
64,5,1.5,64,0.663428
64,5,1.5,96,0.510062
64,5,1.5,128,0.5517
64,5,1.5,192,0.497224
64,5,1.5,256,0.403192
64,10,0.6,3,0.305344
64,10,0.6,5,0.305344
64,10,0.6,8,0.305344
64,10,0.6,16,0.305344
64,10,0.6,24,0.305344
64,10,0.6,32,0.305344
64,10,0.6,48,0.305344
64,10,0.6,64,0.305344
64,10,0.6,96,0.305344
64,10,0.6,128,0.305344
64,10,0.6,192,0.305344
64,10,0.6,256,0.305344
64,10,0.7,3,0.305344
64,10,0.7,5,0.305344
64,10,0.7,8,0.305344
64,10,0.7,16,0.305344
64,10,0.7,24,0.305344
64,10,0.7,32,0.305344
64,10,0.7,48,0.305344
64,10,0.7,64,0.305344
64,10,0.7,96,0.305344
64,10,0.7,128,0.305344
64,10,0.7,192,0.305344
64,10,0.7,256,0.305344
64,10,0.8,3,0.305344
64,10,0.8,5,0.305344
64,10,0.8,8,0.305344
64,10,0.8,16,0.305344
64,10,0.8,24,0.305344
64,10,0.8,32,0.305344
64,10,0.8,48,0.305344
64,10,0.8,64,0.305344
64,10,0.8,96,0.305344
64,10,0.8,128,0.305344
64,10,0.8,192,0.305344
64,10,0.8,256,0.305344
64,10,0.9,3,0.305344
64,10,0.9,5,0.305344
64,10,0.9,8,0.305344
64,10,0.9,16,0.305344
64,10,0.9,24,0.305344
64,10,0.9,32,0.305344
64,10,0.9,48,0.305344
64,10,0.9,64,0.305344
64,10,0.9,96,0.305344
64,10,0.9,128,0.305344
64,10,0.9,192,0.305344
64,10,0.9,256,0.305344
64,10,1.0,3,0.699861
64,10,1.0,5,0.687717
64,10,1.0,8,0.714781
64,10,1.0,16,0.71374
64,10,1.0,24,0.690493
64,10,1.0,32,0.685982
64,10,1.0,48,0.684941
64,10,1.0,64,0.691881
64,10,1.0,96,0.661693
64,10,1.0,128,0.513532
64,10,1.0,192,0.564885
64,10,1.0,256,0.472935
64,10,1.1,3,0.699861
64,10,1.1,5,0.687717
64,10,1.1,8,0.714781
64,10,1.1,16,0.71374
64,10,1.1,24,0.690493
64,10,1.1,32,0.685982
64,10,1.1,48,0.684941
64,10,1.1,64,0.691881
64,10,1.1,96,0.661693
64,10,1.1,128,0.513532
64,10,1.1,192,0.564885
64,10,1.1,256,0.472935
64,10,1.2,3,0.699861
64,10,1.2,5,0.687717
64,10,1.2,8,0.714781
64,10,1.2,16,0.71374
64,10,1.2,24,0.690493
64,10,1.2,32,0.685982
64,10,1.2,48,0.684941
64,10,1.2,64,0.691881
64,10,1.2,96,0.661693
64,10,1.2,128,0.513532
64,10,1.2,192,0.564885
64,10,1.2,256,0.472935
64,10,1.3,3,0.699861
64,10,1.3,5,0.687717
64,10,1.3,8,0.714781
64,10,1.3,16,0.71374
64,10,1.3,24,0.690493
64,10,1.3,32,0.685982
64,10,1.3,48,0.684941
64,10,1.3,64,0.691881
64,10,1.3,96,0.661693
64,10,1.3,128,0.513532
64,10,1.3,192,0.564885
64,10,1.3,256,0.472935
64,10,1.4,3,0.699861
64,10,1.4,5,0.687717
64,10,1.4,8,0.714781
64,10,1.4,16,0.71374
64,10,1.4,24,0.690493
64,10,1.4,32,0.685982
64,10,1.4,48,0.684941
64,10,1.4,64,0.691881
64,10,1.4,96,0.661693
64,10,1.4,128,0.513532
64,10,1.4,192,0.564885
64,10,1.4,256,0.472935
64,10,1.5,3,0.699861
64,10,1.5,5,0.687717
64,10,1.5,8,0.714781
64,10,1.5,16,0.71374
64,10,1.5,24,0.690493
64,10,1.5,32,0.685982
64,10,1.5,48,0.684941
64,10,1.5,64,0.691881
64,10,1.5,96,0.661693
64,10,1.5,128,0.513532
64,10,1.5,192,0.564885
64,10,1.5,256,0.472935
64,15,0.6,3,0.305344
64,15,0.6,5,0.305344
64,15,0.6,8,0.305344
64,15,0.6,16,0.305344
64,15,0.6,24,0.305344
64,15,0.6,32,0.305344
64,15,0.6,48,0.305344
64,15,0.6,64,0.305344
64,15,0.6,96,0.305344
64,15,0.6,128,0.305344
64,15,0.6,192,0.305344
64,15,0.6,256,0.305344
64,15,0.7,3,0.305344
64,15,0.7,5,0.305344
64,15,0.7,8,0.305344
64,15,0.7,16,0.305344
64,15,0.7,24,0.305344
64,15,0.7,32,0.305344
64,15,0.7,48,0.305344
64,15,0.7,64,0.305344
64,15,0.7,96,0.305344
64,15,0.7,128,0.305344
64,15,0.7,192,0.305344
64,15,0.7,256,0.305344
64,15,0.8,3,0.305344
64,15,0.8,5,0.305344
64,15,0.8,8,0.305344
64,15,0.8,16,0.305344
64,15,0.8,24,0.305344
64,15,0.8,32,0.305344
64,15,0.8,48,0.305344
64,15,0.8,64,0.305344
64,15,0.8,96,0.305344
64,15,0.8,128,0.305344
64,15,0.8,192,0.305344
64,15,0.8,256,0.305344
64,15,0.9,3,0.305344
64,15,0.9,5,0.305344
64,15,0.9,8,0.305344
64,15,0.9,16,0.305344
64,15,0.9,24,0.305344
64,15,0.9,32,0.305344
64,15,0.9,48,0.305344
64,15,0.9,64,0.305344
64,15,0.9,96,0.305344
64,15,0.9,128,0.305344
64,15,0.9,192,0.305344
64,15,0.9,256,0.305344
64,15,1.0,3,0.700208
64,15,1.0,5,0.688758
64,15,1.0,8,0.713046
64,15,1.0,16,0.716169
64,15,1.0,24,0.68043
64,15,1.0,32,0.6839
64,15,1.0,48,0.686676
64,15,1.0,64,0.630812
64,15,1.0,96,0.609646
64,15,1.0,128,0.547536
64,15,1.0,192,0.568008
64,15,1.0,256,0.427481
64,15,1.1,3,0.700208
64,15,1.1,5,0.688758
64,15,1.1,8,0.713046
64,15,1.1,16,0.716169
64,15,1.1,24,0.68043
64,15,1.1,32,0.6839
64,15,1.1,48,0.686676
64,15,1.1,64,0.630812
64,15,1.1,96,0.609646
64,15,1.1,128,0.547536
64,15,1.1,192,0.568008
64,15,1.1,256,0.427481
64,15,1.2,3,0.700208
64,15,1.2,5,0.688758
64,15,1.2,8,0.713046
64,15,1.2,16,0.716169
64,15,1.2,24,0.68043
64,15,1.2,32,0.6839
64,15,1.2,48,0.686676
64,15,1.2,64,0.630812
64,15,1.2,96,0.609646
64,15,1.2,128,0.547536
64,15,1.2,192,0.568008
64,15,1.2,256,0.427481
64,15,1.3,3,0.700208
64,15,1.3,5,0.688758
64,15,1.3,8,0.713046
64,15,1.3,16,0.716169
64,15,1.3,24,0.68043
64,15,1.3,32,0.6839
64,15,1.3,48,0.686676
64,15,1.3,64,0.630812
64,15,1.3,96,0.609646
64,15,1.3,128,0.547536
64,15,1.3,192,0.568008
64,15,1.3,256,0.427481
64,15,1.4,3,0.700208
64,15,1.4,5,0.688758
64,15,1.4,8,0.713046
64,15,1.4,16,0.716169
64,15,1.4,24,0.68043
64,15,1.4,32,0.6839
64,15,1.4,48,0.686676
64,15,1.4,64,0.630812
64,15,1.4,96,0.609646
64,15,1.4,128,0.547536
64,15,1.4,192,0.568008
64,15,1.4,256,0.427481
64,15,1.5,3,0.700208
64,15,1.5,5,0.688758
64,15,1.5,8,0.713046
64,15,1.5,16,0.716169
64,15,1.5,24,0.68043
64,15,1.5,32,0.6839
64,15,1.5,48,0.686676
64,15,1.5,64,0.630812
64,15,1.5,96,0.609646
64,15,1.5,128,0.547536
64,15,1.5,192,0.568008
64,15,1.5,256,0.427481
64,20,0.6,3,0.305344
64,20,0.6,5,0.305344
64,20,0.6,8,0.305344
64,20,0.6,16,0.305344
64,20,0.6,24,0.305344
64,20,0.6,32,0.305344
64,20,0.6,48,0.305344
64,20,0.6,64,0.305344
64,20,0.6,96,0.305344
64,20,0.6,128,0.305344
64,20,0.6,192,0.305344
64,20,0.6,256,0.305344
64,20,0.7,3,0.305344
64,20,0.7,5,0.305344
64,20,0.7,8,0.305344
64,20,0.7,16,0.305344
64,20,0.7,24,0.305344
64,20,0.7,32,0.305344
64,20,0.7,48,0.305344
64,20,0.7,64,0.305344
64,20,0.7,96,0.305344
64,20,0.7,128,0.305344
64,20,0.7,192,0.305344
64,20,0.7,256,0.305344
64,20,0.8,3,0.305344
64,20,0.8,5,0.305344
64,20,0.8,8,0.305344
64,20,0.8,16,0.305344
64,20,0.8,24,0.305344
64,20,0.8,32,0.305344
64,20,0.8,48,0.305344
64,20,0.8,64,0.305344
64,20,0.8,96,0.305344
64,20,0.8,128,0.305344
64,20,0.8,192,0.305344
64,20,0.8,256,0.305344
64,20,0.9,3,0.305344
64,20,0.9,5,0.305344
64,20,0.9,8,0.305344
64,20,0.9,16,0.305344
64,20,0.9,24,0.305344
64,20,0.9,32,0.305344
64,20,0.9,48,0.305344
64,20,0.9,64,0.305344
64,20,0.9,96,0.305344
64,20,0.9,128,0.305344
64,20,0.9,192,0.305344
64,20,0.9,256,0.305344
64,20,1.0,3,0.699514
64,20,1.0,5,0.689452
64,20,1.0,8,0.708883
64,20,1.0,16,0.716169
64,20,1.0,24,0.687717
64,20,1.0,32,0.684941
64,20,1.0,48,0.681471
64,20,1.0,64,0.620056
64,20,1.0,96,0.606176
64,20,1.0,128,0.529146
64,20,1.0,192,0.519778
64,20,1.0,256,0.549965
64,20,1.1,3,0.699514
64,20,1.1,5,0.689452
64,20,1.1,8,0.708883
64,20,1.1,16,0.716169
64,20,1.1,24,0.687717
64,20,1.1,32,0.684941
64,20,1.1,48,0.681471
64,20,1.1,64,0.620056
64,20,1.1,96,0.606176
64,20,1.1,128,0.529146
64,20,1.1,192,0.519778
64,20,1.1,256,0.549965
64,20,1.2,3,0.699514
64,20,1.2,5,0.689452
64,20,1.2,8,0.708883
64,20,1.2,16,0.716169
64,20,1.2,24,0.687717
64,20,1.2,32,0.684941
64,20,1.2,48,0.681471
64,20,1.2,64,0.620056
64,20,1.2,96,0.606176
64,20,1.2,128,0.529146
64,20,1.2,192,0.519778
64,20,1.2,256,0.549965
64,20,1.3,3,0.699514
64,20,1.3,5,0.689452
64,20,1.3,8,0.708883
64,20,1.3,16,0.716169
64,20,1.3,24,0.687717
64,20,1.3,32,0.684941
64,20,1.3,48,0.681471
64,20,1.3,64,0.620056
64,20,1.3,96,0.606176
64,20,1.3,128,0.529146
64,20,1.3,192,0.519778
64,20,1.3,256,0.549965
64,20,1.4,3,0.699514
64,20,1.4,5,0.689452
64,20,1.4,8,0.708883
64,20,1.4,16,0.716169
64,20,1.4,24,0.687717
64,20,1.4,32,0.684941
64,20,1.4,48,0.681471
64,20,1.4,64,0.620056
64,20,1.4,96,0.606176
64,20,1.4,128,0.529146
64,20,1.4,192,0.519778
64,20,1.4,256,0.549965
64,20,1.5,3,0.699514
64,20,1.5,5,0.689452
64,20,1.5,8,0.708883
64,20,1.5,16,0.716169
64,20,1.5,24,0.687717
64,20,1.5,32,0.684941
64,20,1.5,48,0.681471
64,20,1.5,64,0.620056
64,20,1.5,96,0.606176
64,20,1.5,128,0.529146
64,20,1.5,192,0.519778
64,20,1.5,256,0.549965
64,30,0.6,3,0.305344
64,30,0.6,5,0.305344
64,30,0.6,8,0.305344
64,30,0.6,16,0.305344
64,30,0.6,24,0.305344
64,30,0.6,32,0.305344
64,30,0.6,48,0.305344
64,30,0.6,64,0.305344
64,30,0.6,96,0.305344
64,30,0.6,128,0.305344
64,30,0.6,192,0.305344
64,30,0.6,256,0.305344
64,30,0.7,3,0.305344
64,30,0.7,5,0.305344
64,30,0.7,8,0.305344
64,30,0.7,16,0.305344
64,30,0.7,24,0.305344
64,30,0.7,32,0.305344
64,30,0.7,48,0.305344
64,30,0.7,64,0.305344
64,30,0.7,96,0.305344
64,30,0.7,128,0.305344
64,30,0.7,192,0.305344
64,30,0.7,256,0.305344
64,30,0.8,3,0.305344
64,30,0.8,5,0.305344
64,30,0.8,8,0.305344
64,30,0.8,16,0.305344
64,30,0.8,24,0.305344
64,30,0.8,32,0.305344
64,30,0.8,48,0.305344
64,30,0.8,64,0.305344
64,30,0.8,96,0.305344
64,30,0.8,128,0.305344
64,30,0.8,192,0.305344
64,30,0.8,256,0.305344
64,30,0.9,3,0.305344
64,30,0.9,5,0.305344
64,30,0.9,8,0.305344
64,30,0.9,16,0.305344
64,30,0.9,24,0.305344
64,30,0.9,32,0.305344
64,30,0.9,48,0.305344
64,30,0.9,64,0.305344
64,30,0.9,96,0.305344
64,30,0.9,128,0.305344
64,30,0.9,192,0.305344
64,30,0.9,256,0.305344
64,30,1.0,3,0.703678
64,30,1.0,5,0.6839
64,30,1.0,8,0.709924
64,30,1.0,16,0.716169
64,30,1.0,24,0.691187
64,30,1.0,32,0.674879
64,30,1.0,48,0.678695
64,30,1.0,64,0.570437
64,30,1.0,96,0.588133
64,30,1.0,128,0.510756
64,30,1.0,192,0.512144
64,30,1.0,256,0.543026
64,30,1.1,3,0.703678
64,30,1.1,5,0.6839
64,30,1.1,8,0.709924
64,30,1.1,16,0.716169
64,30,1.1,24,0.691187
64,30,1.1,32,0.674879
64,30,1.1,48,0.678695
64,30,1.1,64,0.570437
64,30,1.1,96,0.588133
64,30,1.1,128,0.510756
64,30,1.1,192,0.512144
64,30,1.1,256,0.543026
64,30,1.2,3,0.703678
64,30,1.2,5,0.6839
64,30,1.2,8,0.709924
64,30,1.2,16,0.716169
64,30,1.2,24,0.691187
64,30,1.2,32,0.674879
64,30,1.2,48,0.678695
64,30,1.2,64,0.570437
64,30,1.2,96,0.588133
64,30,1.2,128,0.510756
64,30,1.2,192,0.512144
64,30,1.2,256,0.543026
64,30,1.3,3,0.703678
64,30,1.3,5,0.6839
64,30,1.3,8,0.709924
64,30,1.3,16,0.716169
64,30,1.3,24,0.691187
64,30,1.3,32,0.674879
64,30,1.3,48,0.678695
64,30,1.3,64,0.570437
64,30,1.3,96,0.588133
64,30,1.3,128,0.510756
64,30,1.3,192,0.512144
64,30,1.3,256,0.543026
64,30,1.4,3,0.703678
64,30,1.4,5,0.6839
64,30,1.4,8,0.709924
64,30,1.4,16,0.716169
64,30,1.4,24,0.691187
64,30,1.4,32,0.674879
64,30,1.4,48,0.678695
64,30,1.4,64,0.570437
64,30,1.4,96,0.588133
64,30,1.4,128,0.510756
64,30,1.4,192,0.512144
64,30,1.4,256,0.543026
64,30,1.5,3,0.703678
64,30,1.5,5,0.6839
64,30,1.5,8,0.709924
64,30,1.5,16,0.716169
64,30,1.5,24,0.691187
64,30,1.5,32,0.674879
64,30,1.5,48,0.678695
64,30,1.5,64,0.570437
64,30,1.5,96,0.588133
64,30,1.5,128,0.510756
64,30,1.5,192,0.512144
64,30,1.5,256,0.543026
128,5,0.6,3,0.305344
128,5,0.6,5,0.305344
128,5,0.6,8,0.305344
128,5,0.6,16,0.305344
128,5,0.6,24,0.305344
128,5,0.6,32,0.305344
128,5,0.6,48,0.305344
128,5,0.6,64,0.305344
128,5,0.6,96,0.305344
128,5,0.6,128,0.305344
128,5,0.6,192,0.305344
128,5,0.6,256,0.305344
128,5,0.7,3,0.305344
128,5,0.7,5,0.305344
128,5,0.7,8,0.305344
128,5,0.7,16,0.305344
128,5,0.7,24,0.305344
128,5,0.7,32,0.305344
128,5,0.7,48,0.305344
128,5,0.7,64,0.305344
128,5,0.7,96,0.305344
128,5,0.7,128,0.305344
128,5,0.7,192,0.305344
128,5,0.7,256,0.305344
128,5,0.8,3,0.305344
128,5,0.8,5,0.305344
128,5,0.8,8,0.305344
128,5,0.8,16,0.305344
128,5,0.8,24,0.305344
128,5,0.8,32,0.305344
128,5,0.8,48,0.305344
128,5,0.8,64,0.305344
128,5,0.8,96,0.305344
128,5,0.8,128,0.305344
128,5,0.8,192,0.305344
128,5,0.8,256,0.305344
128,5,0.9,3,0.305344
128,5,0.9,5,0.305344
128,5,0.9,8,0.305344
128,5,0.9,16,0.305344
128,5,0.9,24,0.305344
128,5,0.9,32,0.305344
128,5,0.9,48,0.305344
128,5,0.9,64,0.305344
128,5,0.9,96,0.305344
128,5,0.9,128,0.305344
128,5,0.9,192,0.305344
128,5,0.9,256,0.305344
128,5,1.0,3,0.700902
128,5,1.0,5,0.684941
128,5,1.0,8,0.701249
128,5,1.0,16,0.713046
128,5,1.0,24,0.703331
128,5,1.0,32,0.706107
128,5,1.0,48,0.626995
128,5,1.0,64,0.728661
128,5,1.0,96,0.660999
128,5,1.0,128,0.575295
128,5,1.0,192,0.581888
128,5,1.0,256,0.624566
128,5,1.1,3,0.700902
128,5,1.1,5,0.684941
128,5,1.1,8,0.701249
128,5,1.1,16,0.713046
128,5,1.1,24,0.703331
128,5,1.1,32,0.706107
128,5,1.1,48,0.626995
128,5,1.1,64,0.728661
128,5,1.1,96,0.660999
128,5,1.1,128,0.575295
128,5,1.1,192,0.581888
128,5,1.1,256,0.624566
128,5,1.2,3,0.700902
128,5,1.2,5,0.684941
128,5,1.2,8,0.701249
128,5,1.2,16,0.713046
128,5,1.2,24,0.703331
128,5,1.2,32,0.706107
128,5,1.2,48,0.626995
128,5,1.2,64,0.728661
128,5,1.2,96,0.660999
128,5,1.2,128,0.575295
128,5,1.2,192,0.581888
128,5,1.2,256,0.624566
128,5,1.3,3,0.700902
128,5,1.3,5,0.684941
128,5,1.3,8,0.701249
128,5,1.3,16,0.713046
128,5,1.3,24,0.703331
128,5,1.3,32,0.706107
128,5,1.3,48,0.626995
128,5,1.3,64,0.728661
128,5,1.3,96,0.660999
128,5,1.3,128,0.575295
128,5,1.3,192,0.581888
128,5,1.3,256,0.624566
128,5,1.4,3,0.700902
128,5,1.4,5,0.684941
128,5,1.4,8,0.701249
128,5,1.4,16,0.713046
128,5,1.4,24,0.703331
128,5,1.4,32,0.706107
128,5,1.4,48,0.626995
128,5,1.4,64,0.728661
128,5,1.4,96,0.660999
128,5,1.4,128,0.575295
128,5,1.4,192,0.581888
128,5,1.4,256,0.624566
128,5,1.5,3,0.700902
128,5,1.5,5,0.684941
128,5,1.5,8,0.701249
128,5,1.5,16,0.713046
128,5,1.5,24,0.703331
128,5,1.5,32,0.706107
128,5,1.5,48,0.626995
128,5,1.5,64,0.728661
128,5,1.5,96,0.660999
128,5,1.5,128,0.575295
128,5,1.5,192,0.581888
128,5,1.5,256,0.624566
128,10,0.6,3,0.305344
128,10,0.6,5,0.305344
128,10,0.6,8,0.305344
128,10,0.6,16,0.305344
128,10,0.6,24,0.305344
128,10,0.6,32,0.305344
128,10,0.6,48,0.305344
128,10,0.6,64,0.305344
128,10,0.6,96,0.305344
128,10,0.6,128,0.305344
128,10,0.6,192,0.305344
128,10,0.6,256,0.305344
128,10,0.7,3,0.305344
128,10,0.7,5,0.305344
128,10,0.7,8,0.305344
128,10,0.7,16,0.305344
128,10,0.7,24,0.305344
128,10,0.7,32,0.305344
128,10,0.7,48,0.305344
128,10,0.7,64,0.305344
128,10,0.7,96,0.305344
128,10,0.7,128,0.305344
128,10,0.7,192,0.305344
128,10,0.7,256,0.305344
128,10,0.8,3,0.305344
128,10,0.8,5,0.305344
128,10,0.8,8,0.305344
128,10,0.8,16,0.305344
128,10,0.8,24,0.305344
128,10,0.8,32,0.305344
128,10,0.8,48,0.305344
128,10,0.8,64,0.305344
128,10,0.8,96,0.305344
128,10,0.8,128,0.305344
128,10,0.8,192,0.305344
128,10,0.8,256,0.305344
128,10,0.9,3,0.305344
128,10,0.9,5,0.305344
128,10,0.9,8,0.305344
128,10,0.9,16,0.305344
128,10,0.9,24,0.305344
128,10,0.9,32,0.305344
128,10,0.9,48,0.305344
128,10,0.9,64,0.305344
128,10,0.9,96,0.305344
128,10,0.9,128,0.305344
128,10,0.9,192,0.305344
128,10,0.9,256,0.305344
128,10,1.0,3,0.706454
128,10,1.0,5,0.707495
128,10,1.0,8,0.710965
128,10,1.0,16,0.716169
128,10,1.0,24,0.697779
128,10,1.0,32,0.703331
128,10,1.0,48,0.712353
128,10,1.0,64,0.759195
128,10,1.0,96,0.690146
128,10,1.0,128,0.684247
128,10,1.0,192,0.652325
128,10,1.0,256,0.674185
128,10,1.1,3,0.706454
128,10,1.1,5,0.707495
128,10,1.1,8,0.710965
128,10,1.1,16,0.716169
128,10,1.1,24,0.697779
128,10,1.1,32,0.703331
128,10,1.1,48,0.712353
128,10,1.1,64,0.759195
128,10,1.1,96,0.690146
128,10,1.1,128,0.684247
128,10,1.1,192,0.652325
128,10,1.1,256,0.674185
128,10,1.2,3,0.706454
128,10,1.2,5,0.707495
128,10,1.2,8,0.710965
128,10,1.2,16,0.716169
128,10,1.2,24,0.697779
128,10,1.2,32,0.703331
128,10,1.2,48,0.712353
128,10,1.2,64,0.759195
128,10,1.2,96,0.690146
128,10,1.2,128,0.684247
128,10,1.2,192,0.652325
128,10,1.2,256,0.674185
128,10,1.3,3,0.706454
128,10,1.3,5,0.707495
128,10,1.3,8,0.710965
128,10,1.3,16,0.716169
128,10,1.3,24,0.697779
128,10,1.3,32,0.703331
128,10,1.3,48,0.712353
128,10,1.3,64,0.759195
128,10,1.3,96,0.690146
128,10,1.3,128,0.684247
128,10,1.3,192,0.652325
128,10,1.3,256,0.674185
128,10,1.4,3,0.706454
128,10,1.4,5,0.707495
128,10,1.4,8,0.710965
128,10,1.4,16,0.716169
128,10,1.4,24,0.697779
128,10,1.4,32,0.703331
128,10,1.4,48,0.712353
128,10,1.4,64,0.759195
128,10,1.4,96,0.690146
128,10,1.4,128,0.684247
128,10,1.4,192,0.652325
128,10,1.4,256,0.674185
128,10,1.5,3,0.706454
128,10,1.5,5,0.707495
128,10,1.5,8,0.710965
128,10,1.5,16,0.716169
128,10,1.5,24,0.697779
128,10,1.5,32,0.703331
128,10,1.5,48,0.712353
128,10,1.5,64,0.759195
128,10,1.5,96,0.690146
128,10,1.5,128,0.684247
128,10,1.5,192,0.652325
128,10,1.5,256,0.674185
128,15,0.6,3,0.305344
128,15,0.6,5,0.305344
128,15,0.6,8,0.305344
128,15,0.6,16,0.305344
128,15,0.6,24,0.305344
128,15,0.6,32,0.305344
128,15,0.6,48,0.305344
128,15,0.6,64,0.305344
128,15,0.6,96,0.305344
128,15,0.6,128,0.305344
128,15,0.6,192,0.305344
128,15,0.6,256,0.305344
128,15,0.7,3,0.305344
128,15,0.7,5,0.305344
128,15,0.7,8,0.305344
128,15,0.7,16,0.305344
128,15,0.7,24,0.305344
128,15,0.7,32,0.305344
128,15,0.7,48,0.305344
128,15,0.7,64,0.305344
128,15,0.7,96,0.305344
128,15,0.7,128,0.305344
128,15,0.7,192,0.305344
128,15,0.7,256,0.305344
128,15,0.8,3,0.305344
128,15,0.8,5,0.305344
128,15,0.8,8,0.305344
128,15,0.8,16,0.305344
128,15,0.8,24,0.305344
128,15,0.8,32,0.305344
128,15,0.8,48,0.305344
128,15,0.8,64,0.305344
128,15,0.8,96,0.305344
128,15,0.8,128,0.305344
128,15,0.8,192,0.305344
128,15,0.8,256,0.305344
128,15,0.9,3,0.305344
128,15,0.9,5,0.305344
128,15,0.9,8,0.305344
128,15,0.9,16,0.305344
128,15,0.9,24,0.305344
128,15,0.9,32,0.305344
128,15,0.9,48,0.305344
128,15,0.9,64,0.305344
128,15,0.9,96,0.305344
128,15,0.9,128,0.305344
128,15,0.9,192,0.305344
128,15,0.9,256,0.305344
128,15,1.0,3,0.709924
128,15,1.0,5,0.70576
128,15,1.0,8,0.716516
128,15,1.0,16,0.719292
128,15,1.0,24,0.704372
128,15,1.0,32,0.701943
128,15,1.0,48,0.709924
128,15,1.0,64,0.693269
128,15,1.0,96,0.692922
128,15,1.0,128,0.66898
128,15,1.0,192,0.648161
128,15,1.0,256,0.66551
128,15,1.1,3,0.709924
128,15,1.1,5,0.70576
128,15,1.1,8,0.716516
128,15,1.1,16,0.719292
128,15,1.1,24,0.704372
128,15,1.1,32,0.701943
128,15,1.1,48,0.709924
128,15,1.1,64,0.693269
128,15,1.1,96,0.692922
128,15,1.1,128,0.66898
128,15,1.1,192,0.648161
128,15,1.1,256,0.66551
128,15,1.2,3,0.709924
128,15,1.2,5,0.70576
128,15,1.2,8,0.716516
128,15,1.2,16,0.719292
128,15,1.2,24,0.704372
128,15,1.2,32,0.701943
128,15,1.2,48,0.709924
128,15,1.2,64,0.693269
128,15,1.2,96,0.692922
128,15,1.2,128,0.66898
128,15,1.2,192,0.648161
128,15,1.2,256,0.66551
128,15,1.3,3,0.709924
128,15,1.3,5,0.70576
128,15,1.3,8,0.716516
128,15,1.3,16,0.719292
128,15,1.3,24,0.704372
128,15,1.3,32,0.701943
128,15,1.3,48,0.709924
128,15,1.3,64,0.693269
128,15,1.3,96,0.692922
128,15,1.3,128,0.66898
128,15,1.3,192,0.648161
128,15,1.3,256,0.66551
128,15,1.4,3,0.709924
128,15,1.4,5,0.70576
128,15,1.4,8,0.716516
128,15,1.4,16,0.719292
128,15,1.4,24,0.704372
128,15,1.4,32,0.701943
128,15,1.4,48,0.709924
128,15,1.4,64,0.693269
128,15,1.4,96,0.692922
128,15,1.4,128,0.66898
128,15,1.4,192,0.648161
128,15,1.4,256,0.66551
128,15,1.5,3,0.709924
128,15,1.5,5,0.70576
128,15,1.5,8,0.716516
128,15,1.5,16,0.719292
128,15,1.5,24,0.704372
128,15,1.5,32,0.701943
128,15,1.5,48,0.709924
128,15,1.5,64,0.693269
128,15,1.5,96,0.692922
128,15,1.5,128,0.66898
128,15,1.5,192,0.648161
128,15,1.5,256,0.66551
128,20,0.6,3,0.305344
128,20,0.6,5,0.305344
128,20,0.6,8,0.305344
128,20,0.6,16,0.305344
128,20,0.6,24,0.305344
128,20,0.6,32,0.305344
128,20,0.6,48,0.305344
128,20,0.6,64,0.305344
128,20,0.6,96,0.305344
128,20,0.6,128,0.305344
128,20,0.6,192,0.305344
128,20,0.6,256,0.305344
128,20,0.7,3,0.305344
128,20,0.7,5,0.305344
128,20,0.7,8,0.305344
128,20,0.7,16,0.305344
128,20,0.7,24,0.305344
128,20,0.7,32,0.305344
128,20,0.7,48,0.305344
128,20,0.7,64,0.305344
128,20,0.7,96,0.305344
128,20,0.7,128,0.305344
128,20,0.7,192,0.305344
128,20,0.7,256,0.305344
128,20,0.8,3,0.305344
128,20,0.8,5,0.305344
128,20,0.8,8,0.305344
128,20,0.8,16,0.305344
128,20,0.8,24,0.305344
128,20,0.8,32,0.305344
128,20,0.8,48,0.305344
128,20,0.8,64,0.305344
128,20,0.8,96,0.305344
128,20,0.8,128,0.305344
128,20,0.8,192,0.305344
128,20,0.8,256,0.305344
128,20,0.9,3,0.305344
128,20,0.9,5,0.305344
128,20,0.9,8,0.305344
128,20,0.9,16,0.305344
128,20,0.9,24,0.305344
128,20,0.9,32,0.305344
128,20,0.9,48,0.305344
128,20,0.9,64,0.305344
128,20,0.9,96,0.305344
128,20,0.9,128,0.305344
128,20,0.9,192,0.305344
128,20,0.9,256,0.305344
128,20,1.0,3,0.685288
128,20,1.0,5,0.681124
128,20,1.0,8,0.715822
128,20,1.0,16,0.717904
128,20,1.0,24,0.697085
128,20,1.0,32,0.707148
128,20,1.0,48,0.707495
128,20,1.0,64,0.704025
128,20,1.0,96,0.691534
128,20,1.0,128,0.669674
128,20,1.0,192,0.680777
128,20,1.0,256,0.673491
128,20,1.1,3,0.685288
128,20,1.1,5,0.681124
128,20,1.1,8,0.715822
128,20,1.1,16,0.717904
128,20,1.1,24,0.697085
128,20,1.1,32,0.707148
128,20,1.1,48,0.707495
128,20,1.1,64,0.704025
128,20,1.1,96,0.691534
128,20,1.1,128,0.669674
128,20,1.1,192,0.680777
128,20,1.1,256,0.673491
128,20,1.2,3,0.685288
128,20,1.2,5,0.681124
128,20,1.2,8,0.715822
128,20,1.2,16,0.717904
128,20,1.2,24,0.697085
128,20,1.2,32,0.707148
128,20,1.2,48,0.707495
128,20,1.2,64,0.704025
128,20,1.2,96,0.691534
128,20,1.2,128,0.669674
128,20,1.2,192,0.680777
128,20,1.2,256,0.673491
128,20,1.3,3,0.685288
128,20,1.3,5,0.681124
128,20,1.3,8,0.715822
128,20,1.3,16,0.717904
128,20,1.3,24,0.697085
128,20,1.3,32,0.707148
128,20,1.3,48,0.707495
128,20,1.3,64,0.704025
128,20,1.3,96,0.691534
128,20,1.3,128,0.669674
128,20,1.3,192,0.680777
128,20,1.3,256,0.673491
128,20,1.4,3,0.685288
128,20,1.4,5,0.681124
128,20,1.4,8,0.715822
128,20,1.4,16,0.717904
128,20,1.4,24,0.697085
128,20,1.4,32,0.707148
128,20,1.4,48,0.707495
128,20,1.4,64,0.704025
128,20,1.4,96,0.691534
128,20,1.4,128,0.669674
128,20,1.4,192,0.680777
128,20,1.4,256,0.673491
128,20,1.5,3,0.685288
128,20,1.5,5,0.681124
128,20,1.5,8,0.715822
128,20,1.5,16,0.717904
128,20,1.5,24,0.697085
128,20,1.5,32,0.707148
128,20,1.5,48,0.707495
128,20,1.5,64,0.704025
128,20,1.5,96,0.691534
128,20,1.5,128,0.669674
128,20,1.5,192,0.680777
128,20,1.5,256,0.673491
128,30,0.6,3,0.305344
128,30,0.6,5,0.305344
128,30,0.6,8,0.305344
128,30,0.6,16,0.305344
128,30,0.6,24,0.305344
128,30,0.6,32,0.305344
128,30,0.6,48,0.305344
128,30,0.6,64,0.305344
128,30,0.6,96,0.305344
128,30,0.6,128,0.305344
128,30,0.6,192,0.305344
128,30,0.6,256,0.305344
128,30,0.7,3,0.305344
128,30,0.7,5,0.305344
128,30,0.7,8,0.305344
128,30,0.7,16,0.305344
128,30,0.7,24,0.305344
128,30,0.7,32,0.305344
128,30,0.7,48,0.305344
128,30,0.7,64,0.305344
128,30,0.7,96,0.305344
128,30,0.7,128,0.305344
128,30,0.7,192,0.305344
128,30,0.7,256,0.305344
128,30,0.8,3,0.305344
128,30,0.8,5,0.305344
128,30,0.8,8,0.305344
128,30,0.8,16,0.305344
128,30,0.8,24,0.305344
128,30,0.8,32,0.305344
128,30,0.8,48,0.305344
128,30,0.8,64,0.305344
128,30,0.8,96,0.305344
128,30,0.8,128,0.305344
128,30,0.8,192,0.305344
128,30,0.8,256,0.305344
128,30,0.9,3,0.305344
128,30,0.9,5,0.305344
128,30,0.9,8,0.305344
128,30,0.9,16,0.305344
128,30,0.9,24,0.305344
128,30,0.9,32,0.305344
128,30,0.9,48,0.305344
128,30,0.9,64,0.305344
128,30,0.9,96,0.305344
128,30,0.9,128,0.305344
128,30,0.9,192,0.305344
128,30,0.9,256,0.305344
128,30,1.0,3,0.7127
128,30,1.0,5,0.707148
128,30,1.0,8,0.71374
128,30,1.0,16,0.72068
128,30,1.0,24,0.688758
128,30,1.0,32,0.708189
128,30,1.0,48,0.70576
128,30,1.0,64,0.704372
128,30,1.0,96,0.693269
128,30,1.0,128,0.680083
128,30,1.0,192,0.640874
128,30,1.0,256,0.672103
128,30,1.1,3,0.7127
128,30,1.1,5,0.707148
128,30,1.1,8,0.71374
128,30,1.1,16,0.72068
128,30,1.1,24,0.688758
128,30,1.1,32,0.708189
128,30,1.1,48,0.70576
128,30,1.1,64,0.704372
128,30,1.1,96,0.693269
128,30,1.1,128,0.680083
128,30,1.1,192,0.640874
128,30,1.1,256,0.672103
128,30,1.2,3,0.7127
128,30,1.2,5,0.707148
128,30,1.2,8,0.71374
128,30,1.2,16,0.72068
128,30,1.2,24,0.688758
128,30,1.2,32,0.708189
128,30,1.2,48,0.70576
128,30,1.2,64,0.704372
128,30,1.2,96,0.693269
128,30,1.2,128,0.680083
128,30,1.2,192,0.640874
128,30,1.2,256,0.672103
128,30,1.3,3,0.7127
128,30,1.3,5,0.707148
128,30,1.3,8,0.71374
128,30,1.3,16,0.72068
128,30,1.3,24,0.688758
128,30,1.3,32,0.708189
128,30,1.3,48,0.70576
128,30,1.3,64,0.704372
128,30,1.3,96,0.693269
128,30,1.3,128,0.680083
128,30,1.3,192,0.640874
128,30,1.3,256,0.672103
128,30,1.4,3,0.7127
128,30,1.4,5,0.707148
128,30,1.4,8,0.71374
128,30,1.4,16,0.72068
128,30,1.4,24,0.688758
128,30,1.4,32,0.708189
128,30,1.4,48,0.70576
128,30,1.4,64,0.704372
128,30,1.4,96,0.693269
128,30,1.4,128,0.680083
128,30,1.4,192,0.640874
128,30,1.4,256,0.672103
128,30,1.5,3,0.7127
128,30,1.5,5,0.707148
128,30,1.5,8,0.71374
128,30,1.5,16,0.72068
128,30,1.5,24,0.688758
128,30,1.5,32,0.708189
128,30,1.5,48,0.70576
128,30,1.5,64,0.704372
128,30,1.5,96,0.693269
128,30,1.5,128,0.680083
128,30,1.5,192,0.640874
128,30,1.5,256,0.672103
256,5,0.6,3,0.305344
256,5,0.6,5,0.305344
256,5,0.6,8,0.305344
256,5,0.6,16,0.305344
256,5,0.6,24,0.343164
256,5,0.6,32,0.305344
256,5,0.6,48,0.305344
256,5,0.6,64,0.343164
256,5,0.6,96,0.343164
256,5,0.6,128,0.343164
256,5,0.6,192,0.305344
256,5,0.6,256,0.305344
256,5,0.7,3,0.305344
256,5,0.7,5,0.305344
256,5,0.7,8,0.305344
256,5,0.7,16,0.305344
256,5,0.7,24,0.343164
256,5,0.7,32,0.305344
256,5,0.7,48,0.305344
256,5,0.7,64,0.343164
256,5,0.7,96,0.343164
256,5,0.7,128,0.343164
256,5,0.7,192,0.305344
256,5,0.7,256,0.305344
256,5,0.8,3,0.305344
256,5,0.8,5,0.305344
256,5,0.8,8,0.305344
256,5,0.8,16,0.305344
256,5,0.8,24,0.343164
256,5,0.8,32,0.305344
256,5,0.8,48,0.305344
256,5,0.8,64,0.343164
256,5,0.8,96,0.343164
256,5,0.8,128,0.343164
256,5,0.8,192,0.305344
256,5,0.8,256,0.305344
256,5,0.9,3,0.305344
256,5,0.9,5,0.305344
256,5,0.9,8,0.305344
256,5,0.9,16,0.305344
256,5,0.9,24,0.343164
256,5,0.9,32,0.305344
256,5,0.9,48,0.305344
256,5,0.9,64,0.343164
256,5,0.9,96,0.343164
256,5,0.9,128,0.343164
256,5,0.9,192,0.305344
256,5,0.9,256,0.305344
256,5,1.0,3,0.67696
256,5,1.0,5,0.689452
256,5,1.0,8,0.740805
256,5,1.0,16,0.677307
256,5,1.0,24,0.737335
256,5,1.0,32,0.689799
256,5,1.0,48,0.717904
256,5,1.0,64,0.664469
256,5,1.0,96,0.750867
256,5,1.0,128,0.682165
256,5,1.0,192,0.716516
256,5,1.0,256,0.711312
256,5,1.1,3,0.67696
256,5,1.1,5,0.689452
256,5,1.1,8,0.740805
256,5,1.1,16,0.677307
256,5,1.1,24,0.737335
256,5,1.1,32,0.689799
256,5,1.1,48,0.717904
256,5,1.1,64,0.664469
256,5,1.1,96,0.750867
256,5,1.1,128,0.682165
256,5,1.1,192,0.716516
256,5,1.1,256,0.711312
256,5,1.2,3,0.67696
256,5,1.2,5,0.689452
256,5,1.2,8,0.740805
256,5,1.2,16,0.677307
256,5,1.2,24,0.737335
256,5,1.2,32,0.689799
256,5,1.2,48,0.717904
256,5,1.2,64,0.664469
256,5,1.2,96,0.750867
256,5,1.2,128,0.682165
256,5,1.2,192,0.716516
256,5,1.2,256,0.711312
256,5,1.3,3,0.67696
256,5,1.3,5,0.689452
256,5,1.3,8,0.740805
256,5,1.3,16,0.677307
256,5,1.3,24,0.737335
256,5,1.3,32,0.689799
256,5,1.3,48,0.717904
256,5,1.3,64,0.664469
256,5,1.3,96,0.750867
256,5,1.3,128,0.682165
256,5,1.3,192,0.716516
256,5,1.3,256,0.711312
256,5,1.4,3,0.67696
256,5,1.4,5,0.689452
256,5,1.4,8,0.740805
256,5,1.4,16,0.677307
256,5,1.4,24,0.737335
256,5,1.4,32,0.689799
256,5,1.4,48,0.717904
256,5,1.4,64,0.664469
256,5,1.4,96,0.750867
256,5,1.4,128,0.682165
256,5,1.4,192,0.716516
256,5,1.4,256,0.711312
256,5,1.5,3,0.67696
256,5,1.5,5,0.689452
256,5,1.5,8,0.740805
256,5,1.5,16,0.677307
256,5,1.5,24,0.737335
256,5,1.5,32,0.689799
256,5,1.5,48,0.717904
256,5,1.5,64,0.664469
256,5,1.5,96,0.750867
256,5,1.5,128,0.682165
256,5,1.5,192,0.716516
256,5,1.5,256,0.711312
256,10,0.6,3,0.305344
256,10,0.6,5,0.305344
256,10,0.6,8,0.305344
256,10,0.6,16,0.305344
256,10,0.6,24,0.305344
256,10,0.6,32,0.305344
256,10,0.6,48,0.305344
256,10,0.6,64,0.305344
256,10,0.6,96,0.343164
256,10,0.6,128,0.305344
256,10,0.6,192,0.305344
256,10,0.6,256,0.305344
256,10,0.7,3,0.305344
256,10,0.7,5,0.305344
256,10,0.7,8,0.305344
256,10,0.7,16,0.305344
256,10,0.7,24,0.305344
256,10,0.7,32,0.305344
256,10,0.7,48,0.305344
256,10,0.7,64,0.305344
256,10,0.7,96,0.343164
256,10,0.7,128,0.305344
256,10,0.7,192,0.305344
256,10,0.7,256,0.305344
256,10,0.8,3,0.305344
256,10,0.8,5,0.305344
256,10,0.8,8,0.305344
256,10,0.8,16,0.305344
256,10,0.8,24,0.305344
256,10,0.8,32,0.305344
256,10,0.8,48,0.305344
256,10,0.8,64,0.305344
256,10,0.8,96,0.343164
256,10,0.8,128,0.305344
256,10,0.8,192,0.305344
256,10,0.8,256,0.305344
256,10,0.9,3,0.305344
256,10,0.9,5,0.305344
256,10,0.9,8,0.305344
256,10,0.9,16,0.305344
256,10,0.9,24,0.305344
256,10,0.9,32,0.305344
256,10,0.9,48,0.305344
256,10,0.9,64,0.305344
256,10,0.9,96,0.343164
256,10,0.9,128,0.305344
256,10,0.9,192,0.305344
256,10,0.9,256,0.305344
256,10,1.0,3,0.74254
256,10,1.0,5,0.732824
256,10,1.0,8,0.7127
256,10,1.0,16,0.730049
256,10,1.0,24,0.747051
256,10,1.0,32,0.715822
256,10,1.0,48,0.729008
256,10,1.0,64,0.721374
256,10,1.0,96,0.701249
256,10,1.0,128,0.751908
256,10,1.0,192,0.697085
256,10,1.0,256,0.70923
256,10,1.1,3,0.74254
256,10,1.1,5,0.732824
256,10,1.1,8,0.7127
256,10,1.1,16,0.730049
256,10,1.1,24,0.747051
256,10,1.1,32,0.715822
256,10,1.1,48,0.729008
256,10,1.1,64,0.721374
256,10,1.1,96,0.701249
256,10,1.1,128,0.751908
256,10,1.1,192,0.697085
256,10,1.1,256,0.70923
256,10,1.2,3,0.74254
256,10,1.2,5,0.732824
256,10,1.2,8,0.7127
256,10,1.2,16,0.730049
256,10,1.2,24,0.747051
256,10,1.2,32,0.715822
256,10,1.2,48,0.729008
256,10,1.2,64,0.721374
256,10,1.2,96,0.701249
256,10,1.2,128,0.751908
256,10,1.2,192,0.697085
256,10,1.2,256,0.70923
256,10,1.3,3,0.74254
256,10,1.3,5,0.732824
256,10,1.3,8,0.7127
256,10,1.3,16,0.730049
256,10,1.3,24,0.747051
256,10,1.3,32,0.715822
256,10,1.3,48,0.729008
256,10,1.3,64,0.721374
256,10,1.3,96,0.701249
256,10,1.3,128,0.751908
256,10,1.3,192,0.697085
256,10,1.3,256,0.70923
256,10,1.4,3,0.74254
256,10,1.4,5,0.732824
256,10,1.4,8,0.7127
256,10,1.4,16,0.730049
256,10,1.4,24,0.747051
256,10,1.4,32,0.715822
256,10,1.4,48,0.729008
256,10,1.4,64,0.721374
256,10,1.4,96,0.701249
256,10,1.4,128,0.751908
256,10,1.4,192,0.697085
256,10,1.4,256,0.70923
256,10,1.5,3,0.74254
256,10,1.5,5,0.732824
256,10,1.5,8,0.7127
256,10,1.5,16,0.730049
256,10,1.5,24,0.747051
256,10,1.5,32,0.715822
256,10,1.5,48,0.729008
256,10,1.5,64,0.721374
256,10,1.5,96,0.701249
256,10,1.5,128,0.751908
256,10,1.5,192,0.697085
256,10,1.5,256,0.70923
256,15,0.6,3,0.305344
256,15,0.6,5,0.305344
256,15,0.6,8,0.305344
256,15,0.6,16,0.305344
256,15,0.6,24,0.305344
256,15,0.6,32,0.305344
256,15,0.6,48,0.305344
256,15,0.6,64,0.305344
256,15,0.6,96,0.305344
256,15,0.6,128,0.305344
256,15,0.6,192,0.305344
256,15,0.6,256,0.305344
256,15,0.7,3,0.305344
256,15,0.7,5,0.305344
256,15,0.7,8,0.305344
256,15,0.7,16,0.305344
256,15,0.7,24,0.305344
256,15,0.7,32,0.305344
256,15,0.7,48,0.305344
256,15,0.7,64,0.305344
256,15,0.7,96,0.305344
256,15,0.7,128,0.305344
256,15,0.7,192,0.305344
256,15,0.7,256,0.305344
256,15,0.8,3,0.305344
256,15,0.8,5,0.305344
256,15,0.8,8,0.305344
256,15,0.8,16,0.305344
256,15,0.8,24,0.305344
256,15,0.8,32,0.305344
256,15,0.8,48,0.305344
256,15,0.8,64,0.305344
256,15,0.8,96,0.305344
256,15,0.8,128,0.305344
256,15,0.8,192,0.305344
256,15,0.8,256,0.305344
256,15,0.9,3,0.305344
256,15,0.9,5,0.305344
256,15,0.9,8,0.305344
256,15,0.9,16,0.305344
256,15,0.9,24,0.305344
256,15,0.9,32,0.305344
256,15,0.9,48,0.305344
256,15,0.9,64,0.305344
256,15,0.9,96,0.305344
256,15,0.9,128,0.305344
256,15,0.9,192,0.305344
256,15,0.9,256,0.305344
256,15,1.0,3,0.696044
256,15,1.0,5,0.711312
256,15,1.0,8,0.710618
256,15,1.0,16,0.727967
256,15,1.0,24,0.723109
256,15,1.0,32,0.716863
256,15,1.0,48,0.722762
256,15,1.0,64,0.721027
256,15,1.0,96,0.715128
256,15,1.0,128,0.728314
256,15,1.0,192,0.722762
256,15,1.0,256,0.704719
256,15,1.1,3,0.696044
256,15,1.1,5,0.711312
256,15,1.1,8,0.710618
256,15,1.1,16,0.727967
256,15,1.1,24,0.723109
256,15,1.1,32,0.716863
256,15,1.1,48,0.722762
256,15,1.1,64,0.721027
256,15,1.1,96,0.715128
256,15,1.1,128,0.728314
256,15,1.1,192,0.722762
256,15,1.1,256,0.704719
256,15,1.2,3,0.696044
256,15,1.2,5,0.711312
256,15,1.2,8,0.710618
256,15,1.2,16,0.727967
256,15,1.2,24,0.723109
256,15,1.2,32,0.716863
256,15,1.2,48,0.722762
256,15,1.2,64,0.721027
256,15,1.2,96,0.715128
256,15,1.2,128,0.728314
256,15,1.2,192,0.722762
256,15,1.2,256,0.704719
256,15,1.3,3,0.696044
256,15,1.3,5,0.711312
256,15,1.3,8,0.710618
256,15,1.3,16,0.727967
256,15,1.3,24,0.723109
256,15,1.3,32,0.716863
256,15,1.3,48,0.722762
256,15,1.3,64,0.721027
256,15,1.3,96,0.715128
256,15,1.3,128,0.728314
256,15,1.3,192,0.722762
256,15,1.3,256,0.704719
256,15,1.4,3,0.696044
256,15,1.4,5,0.711312
256,15,1.4,8,0.710618
256,15,1.4,16,0.727967
256,15,1.4,24,0.723109
256,15,1.4,32,0.716863
256,15,1.4,48,0.722762
256,15,1.4,64,0.721027
256,15,1.4,96,0.715128
256,15,1.4,128,0.728314
256,15,1.4,192,0.722762
256,15,1.4,256,0.704719
256,15,1.5,3,0.696044
256,15,1.5,5,0.711312
256,15,1.5,8,0.710618
256,15,1.5,16,0.727967
256,15,1.5,24,0.723109
256,15,1.5,32,0.716863
256,15,1.5,48,0.722762
256,15,1.5,64,0.721027
256,15,1.5,96,0.715128
256,15,1.5,128,0.728314
256,15,1.5,192,0.722762
256,15,1.5,256,0.704719
256,20,0.6,3,0.305344
256,20,0.6,5,0.305344
256,20,0.6,8,0.305344
256,20,0.6,16,0.305344
256,20,0.6,24,0.305344
256,20,0.6,32,0.305344
256,20,0.6,48,0.305344
256,20,0.6,64,0.305344
256,20,0.6,96,0.305344
256,20,0.6,128,0.305344
256,20,0.6,192,0.305344
256,20,0.6,256,0.305344
256,20,0.7,3,0.305344
256,20,0.7,5,0.305344
256,20,0.7,8,0.305344
256,20,0.7,16,0.305344
256,20,0.7,24,0.305344
256,20,0.7,32,0.305344
256,20,0.7,48,0.305344
256,20,0.7,64,0.305344
256,20,0.7,96,0.305344
256,20,0.7,128,0.305344
256,20,0.7,192,0.305344
256,20,0.7,256,0.305344
256,20,0.8,3,0.305344
256,20,0.8,5,0.305344
256,20,0.8,8,0.305344
256,20,0.8,16,0.305344
256,20,0.8,24,0.305344
256,20,0.8,32,0.305344
256,20,0.8,48,0.305344
256,20,0.8,64,0.305344
256,20,0.8,96,0.305344
256,20,0.8,128,0.305344
256,20,0.8,192,0.305344
256,20,0.8,256,0.305344
256,20,0.9,3,0.305344
256,20,0.9,5,0.305344
256,20,0.9,8,0.305344
256,20,0.9,16,0.305344
256,20,0.9,24,0.305344
256,20,0.9,32,0.305344
256,20,0.9,48,0.305344
256,20,0.9,64,0.305344
256,20,0.9,96,0.305344
256,20,0.9,128,0.305344
256,20,0.9,192,0.305344
256,20,0.9,256,0.305344
256,20,1.0,3,0.687717
256,20,1.0,5,0.713393
256,20,1.0,8,0.714781
256,20,1.0,16,0.721027
256,20,1.0,24,0.723109
256,20,1.0,32,0.715822
256,20,1.0,48,0.719292
256,20,1.0,64,0.722068
256,20,1.0,96,0.686329
256,20,1.0,128,0.724844
256,20,1.0,192,0.722415
256,20,1.0,256,0.707842
256,20,1.1,3,0.687717
256,20,1.1,5,0.713393
256,20,1.1,8,0.714781
256,20,1.1,16,0.721027
256,20,1.1,24,0.723109
256,20,1.1,32,0.715822
256,20,1.1,48,0.719292
256,20,1.1,64,0.722068
256,20,1.1,96,0.686329
256,20,1.1,128,0.724844
256,20,1.1,192,0.722415
256,20,1.1,256,0.707842
256,20,1.2,3,0.687717
256,20,1.2,5,0.713393
256,20,1.2,8,0.714781
256,20,1.2,16,0.721027
256,20,1.2,24,0.723109
256,20,1.2,32,0.715822
256,20,1.2,48,0.719292
256,20,1.2,64,0.722068
256,20,1.2,96,0.686329
256,20,1.2,128,0.724844
256,20,1.2,192,0.722415
256,20,1.2,256,0.707842
256,20,1.3,3,0.687717
256,20,1.3,5,0.713393
256,20,1.3,8,0.714781
256,20,1.3,16,0.721027
256,20,1.3,24,0.723109
256,20,1.3,32,0.715822
256,20,1.3,48,0.719292
256,20,1.3,64,0.722068
256,20,1.3,96,0.686329
256,20,1.3,128,0.724844
256,20,1.3,192,0.722415
256,20,1.3,256,0.707842
256,20,1.4,3,0.687717
256,20,1.4,5,0.713393
256,20,1.4,8,0.714781
256,20,1.4,16,0.721027
256,20,1.4,24,0.723109
256,20,1.4,32,0.715822
256,20,1.4,48,0.719292
256,20,1.4,64,0.722068
256,20,1.4,96,0.686329
256,20,1.4,128,0.724844
256,20,1.4,192,0.722415
256,20,1.4,256,0.707842
256,20,1.5,3,0.687717
256,20,1.5,5,0.713393
256,20,1.5,8,0.714781
256,20,1.5,16,0.721027
256,20,1.5,24,0.723109
256,20,1.5,32,0.715822
256,20,1.5,48,0.719292
256,20,1.5,64,0.722068
256,20,1.5,96,0.686329
256,20,1.5,128,0.724844
256,20,1.5,192,0.722415
256,20,1.5,256,0.707842
256,30,0.6,3,0.305344
256,30,0.6,5,0.305344
256,30,0.6,8,0.305344
256,30,0.6,16,0.305344
256,30,0.6,24,0.305344
256,30,0.6,32,0.305344
256,30,0.6,48,0.305344
256,30,0.6,64,0.305344
256,30,0.6,96,0.305344
256,30,0.6,128,0.305344
256,30,0.6,192,0.305344
256,30,0.6,256,0.305344
256,30,0.7,3,0.305344
256,30,0.7,5,0.305344
256,30,0.7,8,0.305344
256,30,0.7,16,0.305344
256,30,0.7,24,0.305344
256,30,0.7,32,0.305344
256,30,0.7,48,0.305344
256,30,0.7,64,0.305344
256,30,0.7,96,0.305344
256,30,0.7,128,0.305344
256,30,0.7,192,0.305344
256,30,0.7,256,0.305344
256,30,0.8,3,0.305344
256,30,0.8,5,0.305344
256,30,0.8,8,0.305344
256,30,0.8,16,0.305344
256,30,0.8,24,0.305344
256,30,0.8,32,0.305344
256,30,0.8,48,0.305344
256,30,0.8,64,0.305344
256,30,0.8,96,0.305344
256,30,0.8,128,0.305344
256,30,0.8,192,0.305344
256,30,0.8,256,0.305344
256,30,0.9,3,0.305344
256,30,0.9,5,0.305344
256,30,0.9,8,0.305344
256,30,0.9,16,0.305344
256,30,0.9,24,0.305344
256,30,0.9,32,0.305344
256,30,0.9,48,0.305344
256,30,0.9,64,0.305344
256,30,0.9,96,0.305344
256,30,0.9,128,0.305344
256,30,0.9,192,0.305344
256,30,0.9,256,0.305344
256,30,1.0,3,0.689452
256,30,1.0,5,0.711312
256,30,1.0,8,0.713393
256,30,1.0,16,0.722415
256,30,1.0,24,0.722762
256,30,1.0,32,0.716169
256,30,1.0,48,0.720333
256,30,1.0,64,0.719292
256,30,1.0,96,0.715822
256,30,1.0,128,0.72415
256,30,1.0,192,0.721027
256,30,1.0,256,0.709924
256,30,1.1,3,0.689452
256,30,1.1,5,0.711312
256,30,1.1,8,0.713393
256,30,1.1,16,0.722415
256,30,1.1,24,0.722762
256,30,1.1,32,0.716169
256,30,1.1,48,0.720333
256,30,1.1,64,0.719292
256,30,1.1,96,0.715822
256,30,1.1,128,0.72415
256,30,1.1,192,0.721027
256,30,1.1,256,0.709924
256,30,1.2,3,0.689452
256,30,1.2,5,0.711312
256,30,1.2,8,0.713393
256,30,1.2,16,0.722415
256,30,1.2,24,0.722762
256,30,1.2,32,0.716169
256,30,1.2,48,0.720333
256,30,1.2,64,0.719292
256,30,1.2,96,0.715822
256,30,1.2,128,0.72415
256,30,1.2,192,0.721027
256,30,1.2,256,0.709924
256,30,1.3,3,0.689452
256,30,1.3,5,0.711312
256,30,1.3,8,0.713393
256,30,1.3,16,0.722415
256,30,1.3,24,0.722762
256,30,1.3,32,0.716169
256,30,1.3,48,0.720333
256,30,1.3,64,0.719292
256,30,1.3,96,0.715822
256,30,1.3,128,0.72415
256,30,1.3,192,0.721027
256,30,1.3,256,0.709924
256,30,1.4,3,0.689452
256,30,1.4,5,0.711312
256,30,1.4,8,0.713393
256,30,1.4,16,0.722415
256,30,1.4,24,0.722762
256,30,1.4,32,0.716169
256,30,1.4,48,0.720333
256,30,1.4,64,0.719292
256,30,1.4,96,0.715822
256,30,1.4,128,0.72415
256,30,1.4,192,0.721027
256,30,1.4,256,0.709924
256,30,1.5,3,0.689452
256,30,1.5,5,0.711312
256,30,1.5,8,0.713393
256,30,1.5,16,0.722415
256,30,1.5,24,0.722762
256,30,1.5,32,0.716169
256,30,1.5,48,0.720333
256,30,1.5,64,0.719292
256,30,1.5,96,0.715822
256,30,1.5,128,0.72415
256,30,1.5,192,0.721027
256,30,1.5,256,0.709924
512,5,0.6,3,0.343164
512,5,0.6,5,0.305344
512,5,0.6,8,0.343164
512,5,0.6,16,0.305344
512,5,0.6,24,0.343164
512,5,0.6,32,0.305344
512,5,0.6,48,0.305344
512,5,0.6,64,0.305344
512,5,0.6,96,0.343164
512,5,0.6,128,0.305344
512,5,0.6,192,0.305344
512,5,0.6,256,0.305344
512,5,0.7,3,0.343164
512,5,0.7,5,0.305344
512,5,0.7,8,0.343164
512,5,0.7,16,0.305344
512,5,0.7,24,0.343164
512,5,0.7,32,0.305344
512,5,0.7,48,0.305344
512,5,0.7,64,0.305344
512,5,0.7,96,0.343164
512,5,0.7,128,0.305344
512,5,0.7,192,0.305344
512,5,0.7,256,0.305344
512,5,0.8,3,0.343164
512,5,0.8,5,0.305344
512,5,0.8,8,0.343164
512,5,0.8,16,0.305344
512,5,0.8,24,0.343164
512,5,0.8,32,0.305344
512,5,0.8,48,0.305344
512,5,0.8,64,0.305344
512,5,0.8,96,0.343164
512,5,0.8,128,0.305344
512,5,0.8,192,0.305344
512,5,0.8,256,0.305344
512,5,0.9,3,0.343164
512,5,0.9,5,0.305344
512,5,0.9,8,0.343164
512,5,0.9,16,0.305344
512,5,0.9,24,0.343164
512,5,0.9,32,0.305344
512,5,0.9,48,0.305344
512,5,0.9,64,0.305344
512,5,0.9,96,0.343164
512,5,0.9,128,0.305344
512,5,0.9,192,0.305344
512,5,0.9,256,0.305344
512,5,1.0,3,0.673144
512,5,1.0,5,0.757113
512,5,1.0,8,0.665163
512,5,1.0,16,0.688411
512,5,1.0,24,0.756766
512,5,1.0,32,0.592991
512,5,1.0,48,0.616933
512,5,1.0,64,0.729702
512,5,1.0,96,0.715128
512,5,1.0,128,0.69084
512,5,1.0,192,0.750173
512,5,1.0,256,0.753643
512,5,1.1,3,0.673144
512,5,1.1,5,0.757113
512,5,1.1,8,0.665163
512,5,1.1,16,0.688411
512,5,1.1,24,0.756766
512,5,1.1,32,0.592991
512,5,1.1,48,0.616933
512,5,1.1,64,0.729702
512,5,1.1,96,0.715128
512,5,1.1,128,0.69084
512,5,1.1,192,0.750173
512,5,1.1,256,0.753643
512,5,1.2,3,0.673144
512,5,1.2,5,0.757113
512,5,1.2,8,0.665163
512,5,1.2,16,0.688411
512,5,1.2,24,0.756766
512,5,1.2,32,0.592991
512,5,1.2,48,0.616933
512,5,1.2,64,0.729702
512,5,1.2,96,0.715128
512,5,1.2,128,0.69084
512,5,1.2,192,0.750173
512,5,1.2,256,0.753643
512,5,1.3,3,0.673144
512,5,1.3,5,0.757113
512,5,1.3,8,0.665163
512,5,1.3,16,0.688411
512,5,1.3,24,0.756766
512,5,1.3,32,0.592991
512,5,1.3,48,0.616933
512,5,1.3,64,0.729702
512,5,1.3,96,0.715128
512,5,1.3,128,0.69084
512,5,1.3,192,0.750173
512,5,1.3,256,0.753643
512,5,1.4,3,0.673144
512,5,1.4,5,0.757113
512,5,1.4,8,0.665163
512,5,1.4,16,0.688411
512,5,1.4,24,0.756766
512,5,1.4,32,0.592991
512,5,1.4,48,0.616933
512,5,1.4,64,0.729702
512,5,1.4,96,0.715128
512,5,1.4,128,0.69084
512,5,1.4,192,0.750173
512,5,1.4,256,0.753643
512,5,1.5,3,0.673144
512,5,1.5,5,0.757113
512,5,1.5,8,0.665163
512,5,1.5,16,0.688411
512,5,1.5,24,0.756766
512,5,1.5,32,0.592991
512,5,1.5,48,0.616933
512,5,1.5,64,0.729702
512,5,1.5,96,0.715128
512,5,1.5,128,0.69084
512,5,1.5,192,0.750173
512,5,1.5,256,0.753643
512,10,0.6,3,0.305344
512,10,0.6,5,0.305344
512,10,0.6,8,0.305344
512,10,0.6,16,0.305344
512,10,0.6,24,0.305344
512,10,0.6,32,0.305344
512,10,0.6,48,0.305344
512,10,0.6,64,0.305344
512,10,0.6,96,0.343164
512,10,0.6,128,0.305344
512,10,0.6,192,0.305344
512,10,0.6,256,0.305344
512,10,0.7,3,0.305344
512,10,0.7,5,0.305344
512,10,0.7,8,0.305344
512,10,0.7,16,0.305344
512,10,0.7,24,0.305344
512,10,0.7,32,0.305344
512,10,0.7,48,0.305344
512,10,0.7,64,0.305344
512,10,0.7,96,0.343164
512,10,0.7,128,0.305344
512,10,0.7,192,0.305344
512,10,0.7,256,0.305344
512,10,0.8,3,0.305344
512,10,0.8,5,0.305344
512,10,0.8,8,0.305344
512,10,0.8,16,0.305344
512,10,0.8,24,0.305344
512,10,0.8,32,0.305344
512,10,0.8,48,0.305344
512,10,0.8,64,0.305344
512,10,0.8,96,0.343164
512,10,0.8,128,0.305344
512,10,0.8,192,0.305344
512,10,0.8,256,0.305344
512,10,0.9,3,0.305344
512,10,0.9,5,0.305344
512,10,0.9,8,0.305344
512,10,0.9,16,0.305344
512,10,0.9,24,0.305344
512,10,0.9,32,0.305344
512,10,0.9,48,0.305344
512,10,0.9,64,0.305344
512,10,0.9,96,0.343164
512,10,0.9,128,0.305344
512,10,0.9,192,0.305344
512,10,0.9,256,0.305344
512,10,1.0,3,0.716169
512,10,1.0,5,0.722762
512,10,1.0,8,0.724497
512,10,1.0,16,0.756419
512,10,1.0,24,0.756072
512,10,1.0,32,0.699861
512,10,1.0,48,0.730743
512,10,1.0,64,0.738376
512,10,1.0,96,0.755725
512,10,1.0,128,0.753643
512,10,1.0,192,0.751561
512,10,1.0,256,0.730049
512,10,1.1,3,0.716169
512,10,1.1,5,0.722762
512,10,1.1,8,0.724497
512,10,1.1,16,0.756419
512,10,1.1,24,0.756072
512,10,1.1,32,0.699861
512,10,1.1,48,0.730743
512,10,1.1,64,0.738376
512,10,1.1,96,0.755725
512,10,1.1,128,0.753643
512,10,1.1,192,0.751561
512,10,1.1,256,0.730049
512,10,1.2,3,0.716169
512,10,1.2,5,0.722762
512,10,1.2,8,0.724497
512,10,1.2,16,0.756419
512,10,1.2,24,0.756072
512,10,1.2,32,0.699861
512,10,1.2,48,0.730743
512,10,1.2,64,0.738376
512,10,1.2,96,0.755725
512,10,1.2,128,0.753643
512,10,1.2,192,0.751561
512,10,1.2,256,0.730049
512,10,1.3,3,0.716169
512,10,1.3,5,0.722762
512,10,1.3,8,0.724497
512,10,1.3,16,0.756419
512,10,1.3,24,0.756072
512,10,1.3,32,0.699861
512,10,1.3,48,0.730743
512,10,1.3,64,0.738376
512,10,1.3,96,0.755725
512,10,1.3,128,0.753643
512,10,1.3,192,0.751561
512,10,1.3,256,0.730049
512,10,1.4,3,0.716169
512,10,1.4,5,0.722762
512,10,1.4,8,0.724497
512,10,1.4,16,0.756419
512,10,1.4,24,0.756072
512,10,1.4,32,0.699861
512,10,1.4,48,0.730743
512,10,1.4,64,0.738376
512,10,1.4,96,0.755725
512,10,1.4,128,0.753643
512,10,1.4,192,0.751561
512,10,1.4,256,0.730049
512,10,1.5,3,0.716169
512,10,1.5,5,0.722762
512,10,1.5,8,0.724497
512,10,1.5,16,0.756419
512,10,1.5,24,0.756072
512,10,1.5,32,0.699861
512,10,1.5,48,0.730743
512,10,1.5,64,0.738376
512,10,1.5,96,0.755725
512,10,1.5,128,0.753643
512,10,1.5,192,0.751561
512,10,1.5,256,0.730049
512,15,0.6,3,0.305344
512,15,0.6,5,0.305344
512,15,0.6,8,0.305344
512,15,0.6,16,0.305344
512,15,0.6,24,0.305344
512,15,0.6,32,0.305344
512,15,0.6,48,0.305344
512,15,0.6,64,0.305344
512,15,0.6,96,0.305344
512,15,0.6,128,0.305344
512,15,0.6,192,0.305344
512,15,0.6,256,0.305344
512,15,0.7,3,0.305344
512,15,0.7,5,0.305344
512,15,0.7,8,0.305344
512,15,0.7,16,0.305344
512,15,0.7,24,0.305344
512,15,0.7,32,0.305344
512,15,0.7,48,0.305344
512,15,0.7,64,0.305344
512,15,0.7,96,0.305344
512,15,0.7,128,0.305344
512,15,0.7,192,0.305344
512,15,0.7,256,0.305344
512,15,0.8,3,0.305344
512,15,0.8,5,0.305344
512,15,0.8,8,0.305344
512,15,0.8,16,0.305344
512,15,0.8,24,0.305344
512,15,0.8,32,0.305344
512,15,0.8,48,0.305344
512,15,0.8,64,0.305344
512,15,0.8,96,0.305344
512,15,0.8,128,0.305344
512,15,0.8,192,0.305344
512,15,0.8,256,0.305344
512,15,0.9,3,0.305344
512,15,0.9,5,0.305344
512,15,0.9,8,0.305344
512,15,0.9,16,0.305344
512,15,0.9,24,0.305344
512,15,0.9,32,0.305344
512,15,0.9,48,0.305344
512,15,0.9,64,0.305344
512,15,0.9,96,0.305344
512,15,0.9,128,0.305344
512,15,0.9,192,0.305344
512,15,0.9,256,0.305344
512,15,1.0,3,0.745663
512,15,1.0,5,0.721374
512,15,1.0,8,0.723456
512,15,1.0,16,0.723803
512,15,1.0,24,0.724497
512,15,1.0,32,0.740805
512,15,1.0,48,0.726926
512,15,1.0,64,0.727967
512,15,1.0,96,0.729008
512,15,1.0,128,0.760236
512,15,1.0,192,0.729355
512,15,1.0,256,0.735253
512,15,1.1,3,0.745663
512,15,1.1,5,0.721374
512,15,1.1,8,0.723456
512,15,1.1,16,0.723803
512,15,1.1,24,0.724497
512,15,1.1,32,0.740805
512,15,1.1,48,0.726926
512,15,1.1,64,0.727967
512,15,1.1,96,0.729008
512,15,1.1,128,0.760236
512,15,1.1,192,0.729355
512,15,1.1,256,0.735253
512,15,1.2,3,0.745663
512,15,1.2,5,0.721374
512,15,1.2,8,0.723456
512,15,1.2,16,0.723803
512,15,1.2,24,0.724497
512,15,1.2,32,0.740805
512,15,1.2,48,0.726926
512,15,1.2,64,0.727967
512,15,1.2,96,0.729008
512,15,1.2,128,0.760236
512,15,1.2,192,0.729355
512,15,1.2,256,0.735253
512,15,1.3,3,0.745663
512,15,1.3,5,0.721374
512,15,1.3,8,0.723456
512,15,1.3,16,0.723803
512,15,1.3,24,0.724497
512,15,1.3,32,0.740805
512,15,1.3,48,0.726926
512,15,1.3,64,0.727967
512,15,1.3,96,0.729008
512,15,1.3,128,0.760236
512,15,1.3,192,0.729355
512,15,1.3,256,0.735253
512,15,1.4,3,0.745663
512,15,1.4,5,0.721374
512,15,1.4,8,0.723456
512,15,1.4,16,0.723803
512,15,1.4,24,0.724497
512,15,1.4,32,0.740805
512,15,1.4,48,0.726926
512,15,1.4,64,0.727967
512,15,1.4,96,0.729008
512,15,1.4,128,0.760236
512,15,1.4,192,0.729355
512,15,1.4,256,0.735253
512,15,1.5,3,0.745663
512,15,1.5,5,0.721374
512,15,1.5,8,0.723456
512,15,1.5,16,0.723803
512,15,1.5,24,0.724497
512,15,1.5,32,0.740805
512,15,1.5,48,0.726926
512,15,1.5,64,0.727967
512,15,1.5,96,0.729008
512,15,1.5,128,0.760236
512,15,1.5,192,0.729355
512,15,1.5,256,0.735253
512,20,0.6,3,0.305344
512,20,0.6,5,0.305344
512,20,0.6,8,0.305344
512,20,0.6,16,0.305344
512,20,0.6,24,0.305344
512,20,0.6,32,0.305344
512,20,0.6,48,0.305344
512,20,0.6,64,0.305344
512,20,0.6,96,0.305344
512,20,0.6,128,0.305344
512,20,0.6,192,0.305344
512,20,0.6,256,0.305344
512,20,0.7,3,0.305344
512,20,0.7,5,0.305344
512,20,0.7,8,0.305344
512,20,0.7,16,0.305344
512,20,0.7,24,0.305344
512,20,0.7,32,0.305344
512,20,0.7,48,0.305344
512,20,0.7,64,0.305344
512,20,0.7,96,0.305344
512,20,0.7,128,0.305344
512,20,0.7,192,0.305344
512,20,0.7,256,0.305344
512,20,0.8,3,0.305344
512,20,0.8,5,0.305344
512,20,0.8,8,0.305344
512,20,0.8,16,0.305344
512,20,0.8,24,0.305344
512,20,0.8,32,0.305344
512,20,0.8,48,0.305344
512,20,0.8,64,0.305344
512,20,0.8,96,0.305344
512,20,0.8,128,0.305344
512,20,0.8,192,0.305344
512,20,0.8,256,0.305344
512,20,0.9,3,0.305344
512,20,0.9,5,0.305344
512,20,0.9,8,0.305344
512,20,0.9,16,0.305344
512,20,0.9,24,0.305344
512,20,0.9,32,0.305344
512,20,0.9,48,0.305344
512,20,0.9,64,0.305344
512,20,0.9,96,0.305344
512,20,0.9,128,0.305344
512,20,0.9,192,0.305344
512,20,0.9,256,0.305344
512,20,1.0,3,0.749133
512,20,1.0,5,0.72068
512,20,1.0,8,0.721721
512,20,1.0,16,0.725538
512,20,1.0,24,0.726579
512,20,1.0,32,0.73213
512,20,1.0,48,0.726579
512,20,1.0,64,0.730396
512,20,1.0,96,0.720333
512,20,1.0,128,0.727273
512,20,1.0,192,0.728314
512,20,1.0,256,0.742193
512,20,1.1,3,0.749133
512,20,1.1,5,0.72068
512,20,1.1,8,0.721721
512,20,1.1,16,0.725538
512,20,1.1,24,0.726579
512,20,1.1,32,0.73213
512,20,1.1,48,0.726579
512,20,1.1,64,0.730396
512,20,1.1,96,0.720333
512,20,1.1,128,0.727273
512,20,1.1,192,0.728314
512,20,1.1,256,0.742193
512,20,1.2,3,0.749133
512,20,1.2,5,0.72068
512,20,1.2,8,0.721721
512,20,1.2,16,0.725538
512,20,1.2,24,0.726579
512,20,1.2,32,0.73213
512,20,1.2,48,0.726579
512,20,1.2,64,0.730396
512,20,1.2,96,0.720333
512,20,1.2,128,0.727273
512,20,1.2,192,0.728314
512,20,1.2,256,0.742193
512,20,1.3,3,0.749133
512,20,1.3,5,0.72068
512,20,1.3,8,0.721721
512,20,1.3,16,0.725538
512,20,1.3,24,0.726579
512,20,1.3,32,0.73213
512,20,1.3,48,0.726579
512,20,1.3,64,0.730396
512,20,1.3,96,0.720333
512,20,1.3,128,0.727273
512,20,1.3,192,0.728314
512,20,1.3,256,0.742193
512,20,1.4,3,0.749133
512,20,1.4,5,0.72068
512,20,1.4,8,0.721721
512,20,1.4,16,0.725538
512,20,1.4,24,0.726579
512,20,1.4,32,0.73213
512,20,1.4,48,0.726579
512,20,1.4,64,0.730396
512,20,1.4,96,0.720333
512,20,1.4,128,0.727273
512,20,1.4,192,0.728314
512,20,1.4,256,0.742193
512,20,1.5,3,0.749133
512,20,1.5,5,0.72068
512,20,1.5,8,0.721721
512,20,1.5,16,0.725538
512,20,1.5,24,0.726579
512,20,1.5,32,0.73213
512,20,1.5,48,0.726579
512,20,1.5,64,0.730396
512,20,1.5,96,0.720333
512,20,1.5,128,0.727273
512,20,1.5,192,0.728314
512,20,1.5,256,0.742193
512,30,0.6,3,0.305344
512,30,0.6,5,0.305344
512,30,0.6,8,0.305344
512,30,0.6,16,0.305344
512,30,0.6,24,0.305344
512,30,0.6,32,0.305344
512,30,0.6,48,0.305344
512,30,0.6,64,0.305344
512,30,0.6,96,0.305344
512,30,0.6,128,0.305344
512,30,0.6,192,0.305344
512,30,0.6,256,0.305344
512,30,0.7,3,0.305344
512,30,0.7,5,0.305344
512,30,0.7,8,0.305344
512,30,0.7,16,0.305344
512,30,0.7,24,0.305344
512,30,0.7,32,0.305344
512,30,0.7,48,0.305344
512,30,0.7,64,0.305344
512,30,0.7,96,0.305344
512,30,0.7,128,0.305344
512,30,0.7,192,0.305344
512,30,0.7,256,0.305344
512,30,0.8,3,0.305344
512,30,0.8,5,0.305344
512,30,0.8,8,0.305344
512,30,0.8,16,0.305344
512,30,0.8,24,0.305344
512,30,0.8,32,0.305344
512,30,0.8,48,0.305344
512,30,0.8,64,0.305344
512,30,0.8,96,0.305344
512,30,0.8,128,0.305344
512,30,0.8,192,0.305344
512,30,0.8,256,0.305344
512,30,0.9,3,0.305344
512,30,0.9,5,0.305344
512,30,0.9,8,0.305344
512,30,0.9,16,0.305344
512,30,0.9,24,0.305344
512,30,0.9,32,0.305344
512,30,0.9,48,0.305344
512,30,0.9,64,0.305344
512,30,0.9,96,0.305344
512,30,0.9,128,0.305344
512,30,0.9,192,0.305344
512,30,0.9,256,0.305344
512,30,1.0,3,0.685635
512,30,1.0,5,0.721374
512,30,1.0,8,0.721721
512,30,1.0,16,0.723456
512,30,1.0,24,0.725538
512,30,1.0,32,0.719639
512,30,1.0,48,0.725538
512,30,1.0,64,0.730396
512,30,1.0,96,0.720333
512,30,1.0,128,0.729355
512,30,1.0,192,0.726926
512,30,1.0,256,0.710618
512,30,1.1,3,0.685635
512,30,1.1,5,0.721374
512,30,1.1,8,0.721721
512,30,1.1,16,0.723456
512,30,1.1,24,0.725538
512,30,1.1,32,0.719639
512,30,1.1,48,0.725538
512,30,1.1,64,0.730396
512,30,1.1,96,0.720333
512,30,1.1,128,0.729355
512,30,1.1,192,0.726926
512,30,1.1,256,0.710618
512,30,1.2,3,0.685635
512,30,1.2,5,0.721374
512,30,1.2,8,0.721721
512,30,1.2,16,0.723456
512,30,1.2,24,0.725538
512,30,1.2,32,0.719639
512,30,1.2,48,0.725538
512,30,1.2,64,0.730396
512,30,1.2,96,0.720333
512,30,1.2,128,0.729355
512,30,1.2,192,0.726926
512,30,1.2,256,0.710618
512,30,1.3,3,0.685635
512,30,1.3,5,0.721374
512,30,1.3,8,0.721721
512,30,1.3,16,0.723456
512,30,1.3,24,0.725538
512,30,1.3,32,0.719639
512,30,1.3,48,0.725538
512,30,1.3,64,0.730396
512,30,1.3,96,0.720333
512,30,1.3,128,0.729355
512,30,1.3,192,0.726926
512,30,1.3,256,0.710618
512,30,1.4,3,0.685635
512,30,1.4,5,0.721374
512,30,1.4,8,0.721721
512,30,1.4,16,0.723456
512,30,1.4,24,0.725538
512,30,1.4,32,0.719639
512,30,1.4,48,0.725538
512,30,1.4,64,0.730396
512,30,1.4,96,0.720333
512,30,1.4,128,0.729355
512,30,1.4,192,0.726926
512,30,1.4,256,0.710618
512,30,1.5,3,0.685635
512,30,1.5,5,0.721374
512,30,1.5,8,0.721721
512,30,1.5,16,0.723456
512,30,1.5,24,0.725538
512,30,1.5,32,0.719639
512,30,1.5,48,0.725538
512,30,1.5,64,0.730396
512,30,1.5,96,0.720333
512,30,1.5,128,0.729355
512,30,1.5,192,0.726926
512,30,1.5,256,0.710618
1024,5,0.6,3,0.433033
1024,5,0.6,5,0.394865
1024,5,0.6,8,0.343164
1024,5,0.6,16,0.305344
1024,5,0.6,24,0.343164
1024,5,0.6,32,0.343164
1024,5,0.6,48,0.343164
1024,5,0.6,64,0.305344
1024,5,0.6,96,0.343164
1024,5,0.6,128,0.305344
1024,5,0.6,192,0.305344
1024,5,0.6,256,0.343164
1024,5,0.7,3,0.433033
1024,5,0.7,5,0.394865
1024,5,0.7,8,0.343164
1024,5,0.7,16,0.305344
1024,5,0.7,24,0.343164
1024,5,0.7,32,0.343164
1024,5,0.7,48,0.343164
1024,5,0.7,64,0.305344
1024,5,0.7,96,0.343164
1024,5,0.7,128,0.305344
1024,5,0.7,192,0.305344
1024,5,0.7,256,0.343164
1024,5,0.8,3,0.433033
1024,5,0.8,5,0.394865
1024,5,0.8,8,0.343164
1024,5,0.8,16,0.305344
1024,5,0.8,24,0.343164
1024,5,0.8,32,0.343164
1024,5,0.8,48,0.343164
1024,5,0.8,64,0.305344
1024,5,0.8,96,0.343164
1024,5,0.8,128,0.305344
1024,5,0.8,192,0.305344
1024,5,0.8,256,0.343164
1024,5,0.9,3,0.433033
1024,5,0.9,5,0.394865
1024,5,0.9,8,0.343164
1024,5,0.9,16,0.305344
1024,5,0.9,24,0.343164
1024,5,0.9,32,0.343164
1024,5,0.9,48,0.343164
1024,5,0.9,64,0.305344
1024,5,0.9,96,0.343164
1024,5,0.9,128,0.305344
1024,5,0.9,192,0.305344
1024,5,0.9,256,0.343164
1024,5,1.0,3,0.706454
1024,5,1.0,5,0.645038
1024,5,1.0,8,0.714781
1024,5,1.0,16,0.585704
1024,5,1.0,24,0.67696
1024,5,1.0,32,0.664122
1024,5,1.0,48,0.651284
1024,5,1.0,64,0.655101
1024,5,1.0,96,0.728661
1024,5,1.0,128,0.764747
1024,5,1.0,192,0.766829
1024,5,1.0,256,0.684941
1024,5,1.1,3,0.706454
1024,5,1.1,5,0.645038
1024,5,1.1,8,0.714781
1024,5,1.1,16,0.585704
1024,5,1.1,24,0.67696
1024,5,1.1,32,0.664122
1024,5,1.1,48,0.651284
1024,5,1.1,64,0.655101
1024,5,1.1,96,0.728661
1024,5,1.1,128,0.764747
1024,5,1.1,192,0.766829
1024,5,1.1,256,0.684941
1024,5,1.2,3,0.706454
1024,5,1.2,5,0.645038
1024,5,1.2,8,0.714781
1024,5,1.2,16,0.585704
1024,5,1.2,24,0.67696
1024,5,1.2,32,0.664122
1024,5,1.2,48,0.651284
1024,5,1.2,64,0.655101
1024,5,1.2,96,0.728661
1024,5,1.2,128,0.764747
1024,5,1.2,192,0.766829
1024,5,1.2,256,0.684941
1024,5,1.3,3,0.706454
1024,5,1.3,5,0.645038
1024,5,1.3,8,0.714781
1024,5,1.3,16,0.585704
1024,5,1.3,24,0.67696
1024,5,1.3,32,0.664122
1024,5,1.3,48,0.651284
1024,5,1.3,64,0.655101
1024,5,1.3,96,0.728661
1024,5,1.3,128,0.764747
1024,5,1.3,192,0.766829
1024,5,1.3,256,0.684941
1024,5,1.4,3,0.706454
1024,5,1.4,5,0.645038
1024,5,1.4,8,0.714781
1024,5,1.4,16,0.585704
1024,5,1.4,24,0.67696
1024,5,1.4,32,0.664122
1024,5,1.4,48,0.651284
1024,5,1.4,64,0.655101
1024,5,1.4,96,0.728661
1024,5,1.4,128,0.764747
1024,5,1.4,192,0.766829
1024,5,1.4,256,0.684941
1024,5,1.5,3,0.706454
1024,5,1.5,5,0.645038
1024,5,1.5,8,0.714781
1024,5,1.5,16,0.585704
1024,5,1.5,24,0.67696
1024,5,1.5,32,0.664122
1024,5,1.5,48,0.651284
1024,5,1.5,64,0.655101
1024,5,1.5,96,0.728661
1024,5,1.5,128,0.764747
1024,5,1.5,192,0.766829
1024,5,1.5,256,0.684941
1024,10,0.6,3,0.305344
1024,10,0.6,5,0.305344
1024,10,0.6,8,0.305344
1024,10,0.6,16,0.305344
1024,10,0.6,24,0.305344
1024,10,0.6,32,0.305344
1024,10,0.6,48,0.305344
1024,10,0.6,64,0.305344
1024,10,0.6,96,0.305344
1024,10,0.6,128,0.305344
1024,10,0.6,192,0.305344
1024,10,0.6,256,0.305344
1024,10,0.7,3,0.305344
1024,10,0.7,5,0.305344
1024,10,0.7,8,0.305344
1024,10,0.7,16,0.305344
1024,10,0.7,24,0.305344
1024,10,0.7,32,0.305344
1024,10,0.7,48,0.305344
1024,10,0.7,64,0.305344
1024,10,0.7,96,0.305344
1024,10,0.7,128,0.305344
1024,10,0.7,192,0.305344
1024,10,0.7,256,0.305344
1024,10,0.8,3,0.305344
1024,10,0.8,5,0.305344
1024,10,0.8,8,0.305344
1024,10,0.8,16,0.305344
1024,10,0.8,24,0.305344
1024,10,0.8,32,0.305344
1024,10,0.8,48,0.305344
1024,10,0.8,64,0.305344
1024,10,0.8,96,0.305344
1024,10,0.8,128,0.305344
1024,10,0.8,192,0.305344
1024,10,0.8,256,0.305344
1024,10,0.9,3,0.305344
1024,10,0.9,5,0.305344
1024,10,0.9,8,0.305344
1024,10,0.9,16,0.305344
1024,10,0.9,24,0.305344
1024,10,0.9,32,0.305344
1024,10,0.9,48,0.305344
1024,10,0.9,64,0.305344
1024,10,0.9,96,0.305344
1024,10,0.9,128,0.305344
1024,10,0.9,192,0.305344
1024,10,0.9,256,0.305344
1024,10,1.0,3,0.765788
1024,10,1.0,5,0.760583
1024,10,1.0,8,0.732477
1024,10,1.0,16,0.73109
1024,10,1.0,24,0.752949
1024,10,1.0,32,0.755378
1024,10,1.0,48,0.725191
1024,10,1.0,64,0.75052
1024,10,1.0,96,0.76787
1024,10,1.0,128,0.765094
1024,10,1.0,192,0.727273
1024,10,1.0,256,0.75746
1024,10,1.1,3,0.765788
1024,10,1.1,5,0.760583
1024,10,1.1,8,0.732477
1024,10,1.1,16,0.73109
1024,10,1.1,24,0.752949
1024,10,1.1,32,0.755378
1024,10,1.1,48,0.725191
1024,10,1.1,64,0.75052
1024,10,1.1,96,0.76787
1024,10,1.1,128,0.765094
1024,10,1.1,192,0.727273
1024,10,1.1,256,0.75746
1024,10,1.2,3,0.765788
1024,10,1.2,5,0.760583
1024,10,1.2,8,0.732477
1024,10,1.2,16,0.73109
1024,10,1.2,24,0.752949
1024,10,1.2,32,0.755378
1024,10,1.2,48,0.725191
1024,10,1.2,64,0.75052
1024,10,1.2,96,0.76787
1024,10,1.2,128,0.765094
1024,10,1.2,192,0.727273
1024,10,1.2,256,0.75746
1024,10,1.3,3,0.765788
1024,10,1.3,5,0.760583
1024,10,1.3,8,0.732477
1024,10,1.3,16,0.73109
1024,10,1.3,24,0.752949
1024,10,1.3,32,0.755378
1024,10,1.3,48,0.725191
1024,10,1.3,64,0.75052
1024,10,1.3,96,0.76787
1024,10,1.3,128,0.765094
1024,10,1.3,192,0.727273
1024,10,1.3,256,0.75746
1024,10,1.4,3,0.765788
1024,10,1.4,5,0.760583
1024,10,1.4,8,0.732477
1024,10,1.4,16,0.73109
1024,10,1.4,24,0.752949
1024,10,1.4,32,0.755378
1024,10,1.4,48,0.725191
1024,10,1.4,64,0.75052
1024,10,1.4,96,0.76787
1024,10,1.4,128,0.765094
1024,10,1.4,192,0.727273
1024,10,1.4,256,0.75746
1024,10,1.5,3,0.765788
1024,10,1.5,5,0.760583
1024,10,1.5,8,0.732477
1024,10,1.5,16,0.73109
1024,10,1.5,24,0.752949
1024,10,1.5,32,0.755378
1024,10,1.5,48,0.725191
1024,10,1.5,64,0.75052
1024,10,1.5,96,0.76787
1024,10,1.5,128,0.765094
1024,10,1.5,192,0.727273
1024,10,1.5,256,0.75746
1024,15,0.6,3,0.305344
1024,15,0.6,5,0.305344
1024,15,0.6,8,0.305344
1024,15,0.6,16,0.305344
1024,15,0.6,24,0.305344
1024,15,0.6,32,0.305344
1024,15,0.6,48,0.305344
1024,15,0.6,64,0.305344
1024,15,0.6,96,0.305344
1024,15,0.6,128,0.305344
1024,15,0.6,192,0.305344
1024,15,0.6,256,0.305344
1024,15,0.7,3,0.305344
1024,15,0.7,5,0.305344
1024,15,0.7,8,0.305344
1024,15,0.7,16,0.305344
1024,15,0.7,24,0.305344
1024,15,0.7,32,0.305344
1024,15,0.7,48,0.305344
1024,15,0.7,64,0.305344
1024,15,0.7,96,0.305344
1024,15,0.7,128,0.305344
1024,15,0.7,192,0.305344
1024,15,0.7,256,0.305344
1024,15,0.8,3,0.305344
1024,15,0.8,5,0.305344
1024,15,0.8,8,0.305344
1024,15,0.8,16,0.305344
1024,15,0.8,24,0.305344
1024,15,0.8,32,0.305344
1024,15,0.8,48,0.305344
1024,15,0.8,64,0.305344
1024,15,0.8,96,0.305344
1024,15,0.8,128,0.305344
1024,15,0.8,192,0.305344
1024,15,0.8,256,0.305344
1024,15,0.9,3,0.305344
1024,15,0.9,5,0.305344
1024,15,0.9,8,0.305344
1024,15,0.9,16,0.305344
1024,15,0.9,24,0.305344
1024,15,0.9,32,0.305344
1024,15,0.9,48,0.305344
1024,15,0.9,64,0.305344
1024,15,0.9,96,0.305344
1024,15,0.9,128,0.305344
1024,15,0.9,192,0.305344
1024,15,0.9,256,0.305344
1024,15,1.0,3,0.761277
1024,15,1.0,5,0.731437
1024,15,1.0,8,0.729008
1024,15,1.0,16,0.729702
1024,15,1.0,24,0.738029
1024,15,1.0,32,0.723803
1024,15,1.0,48,0.759542
1024,15,1.0,64,0.755378
1024,15,1.0,96,0.768217
1024,15,1.0,128,0.759195
1024,15,1.0,192,0.766482
1024,15,1.0,256,0.756766
1024,15,1.1,3,0.761277
1024,15,1.1,5,0.731437
1024,15,1.1,8,0.729008
1024,15,1.1,16,0.729702
1024,15,1.1,24,0.738029
1024,15,1.1,32,0.723803
1024,15,1.1,48,0.759542
1024,15,1.1,64,0.755378
1024,15,1.1,96,0.768217
1024,15,1.1,128,0.759195
1024,15,1.1,192,0.766482
1024,15,1.1,256,0.756766
1024,15,1.2,3,0.761277
1024,15,1.2,5,0.731437
1024,15,1.2,8,0.729008
1024,15,1.2,16,0.729702
1024,15,1.2,24,0.738029
1024,15,1.2,32,0.723803
1024,15,1.2,48,0.759542
1024,15,1.2,64,0.755378
1024,15,1.2,96,0.768217
1024,15,1.2,128,0.759195
1024,15,1.2,192,0.766482
1024,15,1.2,256,0.756766
1024,15,1.3,3,0.761277
1024,15,1.3,5,0.731437
1024,15,1.3,8,0.729008
1024,15,1.3,16,0.729702
1024,15,1.3,24,0.738029
1024,15,1.3,32,0.723803
1024,15,1.3,48,0.759542
1024,15,1.3,64,0.755378
1024,15,1.3,96,0.768217
1024,15,1.3,128,0.759195
1024,15,1.3,192,0.766482
1024,15,1.3,256,0.756766
1024,15,1.4,3,0.761277
1024,15,1.4,5,0.731437
1024,15,1.4,8,0.729008
1024,15,1.4,16,0.729702
1024,15,1.4,24,0.738029
1024,15,1.4,32,0.723803
1024,15,1.4,48,0.759542
1024,15,1.4,64,0.755378
1024,15,1.4,96,0.768217
1024,15,1.4,128,0.759195
1024,15,1.4,192,0.766482
1024,15,1.4,256,0.756766
1024,15,1.5,3,0.761277
1024,15,1.5,5,0.731437
1024,15,1.5,8,0.729008
1024,15,1.5,16,0.729702
1024,15,1.5,24,0.738029
1024,15,1.5,32,0.723803
1024,15,1.5,48,0.759542
1024,15,1.5,64,0.755378
1024,15,1.5,96,0.768217
1024,15,1.5,128,0.759195
1024,15,1.5,192,0.766482
1024,15,1.5,256,0.756766
1024,20,0.6,3,0.305344
1024,20,0.6,5,0.305344
1024,20,0.6,8,0.305344
1024,20,0.6,16,0.305344
1024,20,0.6,24,0.305344
1024,20,0.6,32,0.305344
1024,20,0.6,48,0.305344
1024,20,0.6,64,0.305344
1024,20,0.6,96,0.305344
1024,20,0.6,128,0.305344
1024,20,0.6,192,0.305344
1024,20,0.6,256,0.305344
1024,20,0.7,3,0.305344
1024,20,0.7,5,0.305344
1024,20,0.7,8,0.305344
1024,20,0.7,16,0.305344
1024,20,0.7,24,0.305344
1024,20,0.7,32,0.305344
1024,20,0.7,48,0.305344
1024,20,0.7,64,0.305344
1024,20,0.7,96,0.305344
1024,20,0.7,128,0.305344
1024,20,0.7,192,0.305344
1024,20,0.7,256,0.305344
1024,20,0.8,3,0.305344
1024,20,0.8,5,0.305344
1024,20,0.8,8,0.305344
1024,20,0.8,16,0.305344
1024,20,0.8,24,0.305344
1024,20,0.8,32,0.305344
1024,20,0.8,48,0.305344
1024,20,0.8,64,0.305344
1024,20,0.8,96,0.305344
1024,20,0.8,128,0.305344
1024,20,0.8,192,0.305344
1024,20,0.8,256,0.305344
1024,20,0.9,3,0.305344
1024,20,0.9,5,0.305344
1024,20,0.9,8,0.305344
1024,20,0.9,16,0.305344
1024,20,0.9,24,0.305344
1024,20,0.9,32,0.305344
1024,20,0.9,48,0.305344
1024,20,0.9,64,0.305344
1024,20,0.9,96,0.305344
1024,20,0.9,128,0.305344
1024,20,0.9,192,0.305344
1024,20,0.9,256,0.305344
1024,20,1.0,3,0.760583
1024,20,1.0,5,0.721721
1024,20,1.0,8,0.726232
1024,20,1.0,16,0.730743
1024,20,1.0,24,0.723456
1024,20,1.0,32,0.725191
1024,20,1.0,48,0.754337
1024,20,1.0,64,0.757807
1024,20,1.0,96,0.710965
1024,20,1.0,128,0.763359
1024,20,1.0,192,0.763359
1024,20,1.0,256,0.757113
1024,20,1.1,3,0.760583
1024,20,1.1,5,0.721721
1024,20,1.1,8,0.726232
1024,20,1.1,16,0.730743
1024,20,1.1,24,0.723456
1024,20,1.1,32,0.725191
1024,20,1.1,48,0.754337
1024,20,1.1,64,0.757807
1024,20,1.1,96,0.710965
1024,20,1.1,128,0.763359
1024,20,1.1,192,0.763359
1024,20,1.1,256,0.757113
1024,20,1.2,3,0.760583
1024,20,1.2,5,0.721721
1024,20,1.2,8,0.726232
1024,20,1.2,16,0.730743
1024,20,1.2,24,0.723456
1024,20,1.2,32,0.725191
1024,20,1.2,48,0.754337
1024,20,1.2,64,0.757807
1024,20,1.2,96,0.710965
1024,20,1.2,128,0.763359
1024,20,1.2,192,0.763359
1024,20,1.2,256,0.757113
1024,20,1.3,3,0.760583
1024,20,1.3,5,0.721721
1024,20,1.3,8,0.726232
1024,20,1.3,16,0.730743
1024,20,1.3,24,0.723456
1024,20,1.3,32,0.725191
1024,20,1.3,48,0.754337
1024,20,1.3,64,0.757807
1024,20,1.3,96,0.710965
1024,20,1.3,128,0.763359
1024,20,1.3,192,0.763359
1024,20,1.3,256,0.757113
1024,20,1.4,3,0.760583
1024,20,1.4,5,0.721721
1024,20,1.4,8,0.726232
1024,20,1.4,16,0.730743
1024,20,1.4,24,0.723456
1024,20,1.4,32,0.725191
1024,20,1.4,48,0.754337
1024,20,1.4,64,0.757807
1024,20,1.4,96,0.710965
1024,20,1.4,128,0.763359
1024,20,1.4,192,0.763359
1024,20,1.4,256,0.757113
1024,20,1.5,3,0.760583
1024,20,1.5,5,0.721721
1024,20,1.5,8,0.726232
1024,20,1.5,16,0.730743
1024,20,1.5,24,0.723456
1024,20,1.5,32,0.725191
1024,20,1.5,48,0.754337
1024,20,1.5,64,0.757807
1024,20,1.5,96,0.710965
1024,20,1.5,128,0.763359
1024,20,1.5,192,0.763359
1024,20,1.5,256,0.757113
1024,30,0.6,3,0.305344
1024,30,0.6,5,0.305344
1024,30,0.6,8,0.305344
1024,30,0.6,16,0.305344
1024,30,0.6,24,0.305344
1024,30,0.6,32,0.305344
1024,30,0.6,48,0.305344
1024,30,0.6,64,0.305344
1024,30,0.6,96,0.305344
1024,30,0.6,128,0.305344
1024,30,0.6,192,0.305344
1024,30,0.6,256,0.305344
1024,30,0.7,3,0.305344
1024,30,0.7,5,0.305344
1024,30,0.7,8,0.305344
1024,30,0.7,16,0.305344
1024,30,0.7,24,0.305344
1024,30,0.7,32,0.305344
1024,30,0.7,48,0.305344
1024,30,0.7,64,0.305344
1024,30,0.7,96,0.305344
1024,30,0.7,128,0.305344
1024,30,0.7,192,0.305344
1024,30,0.7,256,0.305344
1024,30,0.8,3,0.305344
1024,30,0.8,5,0.305344
1024,30,0.8,8,0.305344
1024,30,0.8,16,0.305344
1024,30,0.8,24,0.305344
1024,30,0.8,32,0.305344
1024,30,0.8,48,0.305344
1024,30,0.8,64,0.305344
1024,30,0.8,96,0.305344
1024,30,0.8,128,0.305344
1024,30,0.8,192,0.305344
1024,30,0.8,256,0.305344
1024,30,0.9,3,0.305344
1024,30,0.9,5,0.305344
1024,30,0.9,8,0.305344
1024,30,0.9,16,0.305344
1024,30,0.9,24,0.305344
1024,30,0.9,32,0.305344
1024,30,0.9,48,0.305344
1024,30,0.9,64,0.305344
1024,30,0.9,96,0.305344
1024,30,0.9,128,0.305344
1024,30,0.9,192,0.305344
1024,30,0.9,256,0.305344
1024,30,1.0,3,0.717557
1024,30,1.0,5,0.723803
1024,30,1.0,8,0.723803
1024,30,1.0,16,0.725885
1024,30,1.0,24,0.729008
1024,30,1.0,32,0.726232
1024,30,1.0,48,0.721374
1024,30,1.0,64,0.726579
1024,30,1.0,96,0.72415
1024,30,1.0,128,0.726232
1024,30,1.0,192,0.699861
1024,30,1.0,256,0.70576
1024,30,1.1,3,0.717557
1024,30,1.1,5,0.723803
1024,30,1.1,8,0.723803
1024,30,1.1,16,0.725885
1024,30,1.1,24,0.729008
1024,30,1.1,32,0.726232
1024,30,1.1,48,0.721374
1024,30,1.1,64,0.726579
1024,30,1.1,96,0.72415
1024,30,1.1,128,0.726232
1024,30,1.1,192,0.699861
1024,30,1.1,256,0.70576
1024,30,1.2,3,0.717557
1024,30,1.2,5,0.723803
1024,30,1.2,8,0.723803
1024,30,1.2,16,0.725885
1024,30,1.2,24,0.729008
1024,30,1.2,32,0.726232
1024,30,1.2,48,0.721374
1024,30,1.2,64,0.726579
1024,30,1.2,96,0.72415
1024,30,1.2,128,0.726232
1024,30,1.2,192,0.699861
1024,30,1.2,256,0.70576
1024,30,1.3,3,0.717557
1024,30,1.3,5,0.723803
1024,30,1.3,8,0.723803
1024,30,1.3,16,0.725885
1024,30,1.3,24,0.729008
1024,30,1.3,32,0.726232
1024,30,1.3,48,0.721374
1024,30,1.3,64,0.726579
1024,30,1.3,96,0.72415
1024,30,1.3,128,0.726232
1024,30,1.3,192,0.699861
1024,30,1.3,256,0.70576
1024,30,1.4,3,0.717557
1024,30,1.4,5,0.723803
1024,30,1.4,8,0.723803
1024,30,1.4,16,0.725885
1024,30,1.4,24,0.729008
1024,30,1.4,32,0.726232
1024,30,1.4,48,0.721374
1024,30,1.4,64,0.726579
1024,30,1.4,96,0.72415
1024,30,1.4,128,0.726232
1024,30,1.4,192,0.699861
1024,30,1.4,256,0.70576
1024,30,1.5,3,0.717557
1024,30,1.5,5,0.723803
1024,30,1.5,8,0.723803
1024,30,1.5,16,0.725885
1024,30,1.5,24,0.729008
1024,30,1.5,32,0.726232
1024,30,1.5,48,0.721374
1024,30,1.5,64,0.726579
1024,30,1.5,96,0.72415
1024,30,1.5,128,0.726232
1024,30,1.5,192,0.699861
1024,30,1.5,256,0.70576
